date,ADA,BTC,DOGE,ETC,ETH,XRP
2018-01-01,4.539531774,1.353123337,3.592018962,3.415338573,1.944889701,5.963500168
2018-01-02,4.940023452,1.714122149,3.741060021,3.519243124,2.429835628,6.234303096
2018-01-03,7.146128854,1.773766512,3.851577756,3.511795743,2.769358137,8.11600227
2018-01-04,7.402033606,1.882265163,4.056193448,3.713530746,2.848309507,8.390993649
2018-01-05,6.551287691,2.380971744,5.649543418,3.697096275,2.921170795,7.945270169
2018-01-06,6.756182294,2.407537824,7.352148063,4.005717611,3.111847854,8.081650947
2018-01-07,6.617833323,2.121604951,8.757302119,4.334170847,3.595436191,8.93693862
2018-01-08,5.804537428,1.765347002,7.467086507,3.417890146,3.575310105,6.159905363
2018-01-09,5.178818379,1.6087572,6.440850399,3.991405198,4.231183995,5.091910683
2018-01-10,5.018250401,1.711724445,6.240023886,3.80148651,4.040680605,4.709646752
2018-01-11,4.240666809,1.284623614,5.208735539,3.224781922,3.603070242,4.636966584
2018-01-12,5.793442777,1.441240821,6.21097351,3.725443866,4.116066456,4.915483494
2018-01-13,5.694051332,1.544671588,6.190133023,4.556182382,4.650534167,4.84955306
2018-01-14,5.086132738,1.384403139,5.34451447,4.634318375,4.521927053,4.366947107
2018-01-15,4.910318896,1.397427279,4.190709319,4.292911864,4.197264944,3.811118597
2018-01-16,3.780847706,0.762756859,2.274016033,2.623349627,3.163940793,2.312044948
2018-01-17,3.800222502,0.680497269,2.795659741,2.715757121,2.992869871,2.695032065
2018-01-18,4.028509443,0.758506392,2.998380843,2.86312634,3.088425221,3.569604691
2018-01-19,3.959112173,0.794609014,2.936490912,3.073668001,3.100656754,3.435423603
2018-01-20,4.382491212,1.146589092,3.300883672,3.532002792,3.604024363,3.515486292
2018-01-21,3.681857272,0.792619752,2.469158776,2.881974113,3.146113715,2.917110354
2018-01-22,3.364724005,0.610417524,2.218441401,2.7353122,2.945200739,2.848739168
2018-01-23,3.30985969,0.593251749,2.179918076,2.610756939,2.871328674,2.787629973
2018-01-24,3.7490267,0.727035805,2.438845341,2.782396335,3.186019073,2.848136514
2018-01-25,3.862550087,0.699788543,2.80765881,2.725548599,3.174090936,2.712780248
2018-01-26,3.757744987,0.675810952,2.536100947,2.670198132,3.170360747,2.426639756
2018-01-27,3.709111203,0.749187777,2.621989015,2.767057634,3.395476807,2.43218418
2018-01-28,4.106060612,0.843354208,2.680089767,3.23957988,3.998129963,2.976049992
2018-01-29,3.756423134,0.70987003,2.365587871,3.07513795,3.722047692,2.748156084
2018-01-30,3.078483476,0.385600208,1.770055163,2.439782688,3.23958715,2.189464964
2018-01-31,2.984928976,0.41688001,1.761213744,2.664942014,3.444230848,2.261271282
2018-02-01,2.259818482,0.130631292,1.1416829,2.139704504,3.090637392,1.659038354
2018-02-02,2.028583365,0.03804781,0.791815328,1.876586681,2.56577737,1.424768359
2018-02-03,2.387280732,0.131822029,1.226939438,2.032457445,2.774992603,1.54306648
2018-02-04,1.945180397,-0.112831242,0.743819054,1.594301966,2.213992888,1.216608382
2018-02-05,1.559526145,-0.472969132,0.19691415,0.968738182,1.620921479,0.843251689
2018-02-06,1.874260769,-0.255337082,0.719820918,1.365620255,2.033726209,1.098156584
2018-02-07,1.656630339,-0.291494252,0.679403003,1.19489578,1.877341751,0.939965729
2018-02-08,1.776465944,-0.115942858,0.84928455,1.699163877,2.140797499,1.185149802
2018-02-09,2.036514481,0.012498181,1.123368532,2.282275273,2.4273243,1.634624809
2018-02-10,2.142485485,-0.01885799,1.116421703,2.076671026,2.325609767,1.985104726
2018-02-11,1.874379588,-0.152895493,1.095581216,2.023068439,2.127147225,1.784480948
2018-02-12,1.982400206,0.064156222,1.421450651,2.820868392,2.361576319,2.01605105
2018-02-13,1.900705251,-0.025285842,1.526284616,3.386685732,2.259866288,1.854539567
2018-02-14,2.075917575,0.218936901,2.215915281,3.536537735,2.59950581,2.198685583
2018-02-15,2.168447267,0.40197597,2.605569238,3.465806823,2.657693602,2.214475138
2018-02-16,2.127172787,0.420367872,2.407900375,3.535455833,2.689071149,2.187867929
2018-02-17,2.246533119,0.659816758,2.417373324,3.528868176,2.818784083,2.389606619
2018-02-18,1.992076465,0.50698676,2.022667128,3.514098094,2.601067516,2.134924706
2018-02-19,2.035549083,0.690497069,2.195074794,4.126264526,2.687574571,2.20712275
2018-02-20,1.9412891,0.73910629,2.44579217,4.011958272,2.477231549,2.041513214
2018-02-21,1.834813119,0.544751623,2.121817324,3.757230906,2.280308999,1.818320014
2018-02-22,1.637500605,0.357998783,1.918464692,3.226529246,2.119274646,1.596537026
2018-02-23,1.692357494,0.438677819,2.164129829,3.952322639,2.341979717,1.76849553
2018-02-24,1.526814002,0.305703199,1.959514137,4.063675126,2.239293587,1.634546463
2018-02-25,1.683260473,0.265284653,1.844575693,3.726678185,2.257923095,1.601656578
2018-02-26,1.640946333,0.456552184,1.968987085,3.680412167,2.364213661,1.641950077
2018-02-27,1.62016057,0.554342446,1.93867365,3.70383635,2.403034383,1.613161258
2018-02-28,1.449693548,0.465053382,1.766265983,3.349656442,2.30298533,1.484428169
2018-03-01,1.388918027,0.615757881,1.890677376,3.358906899,2.376727405,1.556035611
2018-03-02,1.308025094,0.65265078,1.42776595,2.943523634,2.310159788,1.501184986
2018-03-03,1.334774047,0.762538935,1.313459036,2.725021309,2.311773118,1.494133925
2018-03-04,1.362109665,0.768778397,1.440396548,2.793685499,2.352775562,1.788639266
2018-03-05,1.338605935,0.78531754,1.261042053,2.399494242,2.29641421,1.649510382
2018-03-06,1.247524339,0.569137922,0.877071866,2.157553726,2.137084517,1.539583135
2018-03-07,0.964766669,0.347255273,0.506995337,1.744029289,1.858963749,1.383866178
2018-03-08,0.775117931,0.191793147,0.507626867,1.820390637,1.649744279,1.247205166
2018-03-09,0.778563659,0.17613688,0.584041986,1.793748626,1.755232424,1.319234466
2018-03-10,0.68696966,0.04765247,0.474787311,1.576868945,1.572944454,1.159127169
2018-03-11,0.788150805,0.241824601,0.624459901,1.668915852,1.731042044,1.263070053
2018-03-12,0.78981426,0.140053417,0.512047576,1.519646614,1.629076009,1.172448853
2018-03-13,0.784645667,0.137254984,0.466577423,1.439887421,1.590021257,1.138287366
2018-03-14,0.610398741,-0.114793098,0.191230381,1.055417881,1.258045967,0.873694795
2018-03-15,0.507524437,-0.10633261,0.19880874,1.23033058,1.245089841,0.859734297
2018-03-16,0.456796481,-0.096117814,0.182388962,1.141931156,1.203284972,0.835600986
2018-03-17,0.277715138,-0.210956774,0.04913615,0.939835564,0.991237285,0.680706653
2018-03-18,0.288052323,-0.127362228,-0.01970061,1.004824813,0.929926615,0.743747357
2018-03-19,0.596185111,-0.016473854,0.138181868,1.402525004,1.008357506,1.015855033
2018-03-20,0.650388499,0.060586671,0.27143468,1.479094244,1.010304937,0.897517739
2018-03-21,0.711594737,0.064894612,0.276486919,1.422551482,1.030070976,0.848871445
2018-03-22,0.63950178,0.010179236,0.1937565,1.404369548,0.934515885,0.755698001
2018-03-23,0.53388723,0.051363579,0.213965457,1.317162975,0.934155842,0.696731244
2018-03-24,0.533456514,-0.00626438,0.232911355,1.242327051,0.876987563,0.690978904
2018-03-25,0.499325979,-0.053222269,0.179231312,1.185520504,0.867653084,0.692817001
2018-03-26,0.374574269,-0.131252945,0.042820851,0.96274702,0.718720537,0.565018027
2018-03-27,0.278925599,-0.233800836,-0.048119456,0.883015426,0.545936079,0.500094027
2018-03-28,0.317036544,-0.200711777,-0.050645576,0.909366055,0.529293052,0.500350155
2018-03-29,0.219189736,-0.415632671,-0.248945969,0.712027584,0.267693795,0.299994558
2018-03-30,0.221618084,-0.490611734,-0.289363883,0.672543248,0.305330331,0.294130727
2018-03-31,0.286299755,-0.467993846,-0.253998208,0.669367303,0.313189941,0.302531734
2018-04-01,0.248047712,-0.503224502,-0.317151199,0.559499051,0.240102964,0.220353728
2018-04-02,0.289760335,-0.437948285,-0.267891866,0.636012955,0.269676039,0.267381894
2018-04-03,0.409038981,-0.336503988,-0.152321892,0.7797487,0.401831201,0.440211234
2018-04-04,0.282118838,-0.500606078,-0.284943174,0.568818852,0.244162885,0.270223411
2018-04-05,0.233121173,-0.512150641,-0.320308849,0.578915304,0.255826418,0.252656024
2018-04-06,0.201136792,-0.559874327,-0.348096165,0.500445905,0.199668785,0.194288908
2018-04-07,0.233388514,-0.48500702,-0.264734217,0.544770436,0.264857102,0.228748709
2018-04-08,0.291349529,-0.454372876,-0.23884149,0.634861849,0.33076115,0.266508044
2018-04-09,0.265410026,-0.52325124,-0.289363883,0.567237814,0.322164238,0.240765645
2018-04-10,0.289478142,-0.505804876,-0.112535508,0.570053171,0.39033684,0.240994654
2018-04-11,0.36137802,-0.469413418,0.110394552,0.700599733,0.461025142,0.384351161
2018-04-12,0.704495348,-0.218485161,0.364269577,0.918671988,0.731689767,0.653228608
2018-04-13,0.617602096,-0.21665688,0.48868097,0.841353696,0.730796132,0.681402719
2018-04-14,0.619985886,-0.192057978,0.586568106,0.899061711,0.768718986,0.663615363
2018-04-15,0.772496504,-0.098635258,0.852442199,0.999901129,0.899815849,0.815333706
2018-04-16,1.034312461,-0.172322871,0.861283618,0.9122925,0.810658344,0.757367355
2018-04-17,0.938351893,-0.214986655,0.961696874,0.905746172,0.774860958,0.73819088
2018-04-18,1.061752045,-0.143781364,1.383558856,1.120032535,0.869830572,0.894878111
2018-04-19,1.150991958,-0.108117519,1.64374918,1.226350248,1.056776913,1.145112431
2018-04-20,1.365525689,0.042156719,1.687324744,1.400014621,1.264235595,1.544338082
2018-04-21,1.286311063,0.055712231,1.384190386,1.26833096,1.219459544,1.389570306
2018-04-22,1.248846192,0.030339549,1.463763155,1.2825603,1.290876404,1.380205051
2018-04-23,1.270664189,0.065330462,1.42776595,1.517191845,1.38061065,1.400279481
2018-04-24,1.451876833,0.274213453,1.628592462,1.762294158,1.665194522,1.575423016
2018-04-25,1.145763956,0.042132239,1.182100814,1.253130808,1.26292566,1.171119999
2018-04-26,1.31389917,0.160867504,1.519337787,1.597810899,1.468493033,1.327228681
2018-04-27,1.270783007,0.080635227,1.389874155,1.527649022,1.400060055,1.21113025
2018-04-28,1.786045664,0.179115187,1.348824711,1.690246131,1.559012233,1.361549872
2018-04-29,1.83938762,0.198351647,1.413240762,1.704309184,1.581580278,1.388590992
2018-04-30,1.677950784,0.149707036,1.255989814,1.682992912,1.499354335,1.283608528
2018-05-01,1.792127672,0.116590704,1.21430884,1.669817459,1.515355237,1.294061575
2018-05-02,1.894066282,0.14844552,1.295776198,1.681786192,1.574067746,1.347357351
2018-05-03,1.873934019,0.286845379,1.528179206,1.832872514,1.974827326,1.423810138
2018-05-04,1.803185193,0.27510165,1.293250079,1.783000482,2.001203661,1.456883832
2018-05-05,1.848900505,0.317986286,1.237043916,1.833330044,2.133480077,1.485995072
2018-05-06,1.727728194,0.262578819,1.104422635,2.191587782,2.030208341,1.384511019
2018-05-07,1.61748716,0.185798749,1.007798558,1.954820311,1.8628414,1.267647216
2018-05-08,1.566811187,0.148145907,1.314722096,1.7925003,1.859076528,1.211386378
2018-05-09,1.531470191,0.172766362,1.182100814,1.657917931,1.856552226,1.17544706
2018-05-10,1.334647802,0.096136365,1.041269643,1.414868332,1.748123089,1.043447582
2018-05-11,1.060162851,-0.068014818,0.720452448,1.134927436,1.541263251,0.822607749
2018-05-12,1.140402284,-0.050740213,0.790552268,1.193730805,1.569292097,0.858125209
2018-05-13,1.251482471,0.008945127,0.69961196,1.273836855,1.775098003,1.005814804
2018-05-14,1.158982484,0.006996841,0.782342379,1.281991681,1.762315547,0.991200426
2018-05-15,1.060370783,-0.049244275,0.817076524,1.209513445,1.668286954,0.863708805
2018-05-16,1.032299978,-0.087812721,0.734977636,1.140044867,1.660388428,0.910393458
2018-05-17,0.937906324,-0.162609249,0.610566243,1.039718593,1.511208609,0.769459623
2018-05-18,0.951867466,-0.119926439,0.502574628,1.172594966,1.605375928,0.808583972
2018-05-19,0.934987852,-0.120959121,0.672456174,1.131626673,1.614758058,0.797793438
2018-05-20,1.03052513,-0.048462246,0.758975772,1.194771239,1.696472263,0.868698787
2018-05-21,0.97634402,-0.074145452,0.662983226,1.128603424,1.62643443,0.812480135
2018-05-22,0.794908591,-0.176924971,0.397740662,0.960736051,1.403135546,0.703942008
2018-05-23,0.634986687,-0.308790809,0.233542885,0.750679796,1.124858579,0.565412766
2018-05-24,0.680404953,-0.300747412,0.175442133,0.855291791,1.203670963,0.663051881
2018-05-25,0.618515511,-0.329956396,0.184915081,0.783104938,1.138517325,0.599785181
2018-05-26,0.588157454,-0.363813913,0.152707056,0.792327658,1.140885689,0.60492884
2018-05-27,0.565804776,-0.360451511,0.128077389,0.785781607,1.077506077,0.590383767
2018-05-28,0.426386441,-0.423727822,0.003034467,0.67406881,0.831864438,0.422899975
2018-05-29,0.637340773,-0.332013645,0.136287278,0.787986738,1.045928914,0.570375628
2018-05-30,0.696400857,-0.350015863,0.083870295,0.784963351,1.02078018,0.584164369
2018-05-31,0.800894059,-0.326133664,0.111657612,0.799400721,1.099093794,0.604669698
2018-06-01,0.780791501,-0.313251084,0.127445859,0.828747,1.109495173,0.637038287
2018-06-02,0.819667339,-0.285458877,0.212702398,0.870810925,1.16052571,0.697565921
2018-06-03,0.822726908,-0.264533033,0.296064346,0.930293863,1.27556065,0.781196325
2018-06-04,0.71770645,-0.32060239,0.19628262,0.78886047,1.165630961,0.751726506
2018-06-05,0.765642177,-0.288099254,0.273329269,0.830799576,1.236410334,0.798703447
2018-06-06,0.730397721,-0.282589799,0.357322748,0.791370714,1.226959103,0.792020005
2018-06-07,0.696222629,-0.275979544,0.322588602,0.791537139,1.218557309,0.802057221
2018-06-08,0.653440642,-0.290507869,0.276486919,0.813616192,1.200730226,0.790651979
2018-06-09,0.629179446,-0.315831459,0.234805945,0.778819493,1.185483837,0.746694339
2018-06-10,0.441869941,-0.519085123,-0.02475285,0.429243733,0.877160968,0.53085654
2018-06-11,0.474634067,-0.48614321,0.008086706,0.468214926,0.906677655,0.578888127
2018-06-12,0.365506954,-0.574576939,-0.083485132,0.736200819,0.74861461,0.45494313
2018-06-13,0.319635693,-0.637915913,-0.255261268,0.6017294,0.664688239,0.369757876
2018-06-14,0.408504299,-0.549239646,-0.175056969,0.626665416,0.8479392,0.450040533
2018-06-15,0.337005432,-0.608848487,-0.202212755,0.604641838,0.723287968,0.378930282
2018-06-16,0.338602052,-0.583350478,-0.206001935,0.689241225,0.760755333,0.370122482
2018-06-17,0.3268539,-0.597216646,-0.219895593,0.66462419,0.764251361,0.350331299
2018-06-18,0.347179242,-0.533035774,-0.122639986,0.769499692,0.844247927,0.378291468
2018-06-19,0.369962637,-0.523466504,-0.118850807,0.835265314,0.926946697,0.414830427
2018-06-20,0.331346714,-0.521665497,-0.126429166,1.072324029,0.919620804,0.383688241
2018-06-21,0.305882483,-0.534419823,-0.147269653,1.114942426,0.881012672,0.370095363
2018-06-22,0.166887439,-0.710450839,-0.349359225,0.70474649,0.61403919,0.225976497
2018-06-23,0.152250519,-0.68898271,-0.366410533,0.730750399,0.651788505,0.239045066
2018-06-24,0.113894511,-0.68605363,-0.449140951,0.740846851,0.578710263,0.197148505
2018-06-25,0.132949984,-0.665359281,-0.464929199,0.873348906,0.590152604,0.210325552
2018-06-26,0.064852289,-0.707731567,-0.469349908,0.740167282,0.470706426,0.132727722
2018-06-27,0.074840446,-0.690440465,-0.495242635,0.810232217,0.512316051,0.176025455
2018-06-28,0.014510492,-0.759564028,-0.545765028,0.693374113,0.42556596,0.109998596
2018-06-29,0.062037782,-0.673773337,-0.501557934,0.794158333,0.484746929,0.123925949
2018-06-30,0.15078757,-0.623175118,-0.45608778,0.909310719,0.567901185,0.1635957
2018-07-01,0.184479962,-0.628128718,-0.462403079,0.891225728,0.56242728,0.14886983
2018-07-02,0.303818017,-0.565906775,-0.327255678,0.98443747,0.655375604,0.223490546
2018-07-03,0.247208559,-0.588955324,-0.368305122,0.921223838,0.607003849,0.220781613
2018-07-04,0.249473531,-0.570438096,-0.341780866,1.002272824,0.620549815,0.235305593
2018-07-05,0.234331634,-0.559105869,-0.392934789,1.081588216,0.651320046,0.209939853
2018-07-06,0.213263677,-0.549743747,-0.394197849,1.2382219,0.64958507,0.202485013
2018-07-07,0.245114388,-0.499764047,-0.363884413,1.317162975,0.726133397,0.242639902
2018-07-08,0.208102511,-0.522392978,-0.38535643,1.212966903,0.715111729,0.198260403
2018-07-09,0.167867689,-0.531147491,-0.390408669,1.213993191,0.661166268,0.187777223
2018-07-10,0.084850881,-0.643351662,-0.511662412,0.913942882,0.477872019,0.099705253
2018-07-11,0.104834621,-0.625706399,-0.502820994,0.959459987,0.530329772,0.115347158
2018-07-12,0.072887371,-0.67090958,-0.577973053,0.941236586,0.459003848,0.070542788
2018-07-13,0.152391616,-0.668392002,-0.561553276,0.935369965,0.476150016,0.080718614
2018-07-14,0.146487835,-0.658018885,-0.542607378,0.955687548,0.485080899,0.082315649
2018-07-15,0.184880974,-0.635261966,-0.53123984,0.979015066,0.544782342,0.102272562
2018-07-16,0.287777556,-0.531147491,-0.231894661,1.08766273,0.678412112,0.215291427
2018-07-17,0.397290829,-0.373306817,0.004297526,1.165508173,0.766654408,0.282143923
2018-07-18,0.46050955,-0.359754098,0.309958004,1.088799967,0.677783217,0.22429509
2018-07-19,0.471581924,-0.333574908,0.393319953,1.088966392,0.630530391,0.194294935
2018-07-20,0.33275768,-0.36429074,0.119235971,0.925093081,0.548460511,0.105587163
2018-07-21,0.343614696,-0.346536382,0.030821783,0.944703635,0.599374169,0.130946877
2018-07-22,0.392924259,-0.346754307,0.149549406,0.912625212,0.587320279,0.112568919
2018-07-23,0.346518316,-0.26702347,0.132498099,0.918450088,0.54913282,0.100410359
2018-07-24,0.414422931,-0.072706988,0.251857252,0.982801235,0.672838401,0.137615252
2018-07-25,0.411148004,-0.138884972,0.203229449,0.965340338,0.642996479,0.144262534
2018-07-26,0.351991381,-0.201501921,0.108499962,0.995920797,0.606318436,0.114404003
2018-07-27,0.357746638,-0.143348175,0.12428821,1.028110448,0.63073424,0.125598316
2018-07-28,0.341706178,-0.135953098,0.112920671,1.027874401,0.618728136,0.12569474
2018-07-29,0.341208627,-0.12878446,0.054188389,1.022507194,0.617717493,0.124606948
2018-07-30,0.272695068,-0.139132965,0.032716372,1.050924406,0.576146785,0.102914389
2018-07-31,0.192567028,-0.248132922,-0.174425439,0.929406402,0.475455998,0.070123942
2018-08-01,0.174773999,-0.29051053,-0.038646508,0.822866649,0.418547961,0.102146005
2018-08-02,0.108235793,-0.306248618,-0.173793909,0.755533859,0.383301368,0.055144958
2018-08-03,0.095715322,-0.342422019,-0.191476747,0.978709815,0.407769192,0.086232905
2018-08-04,0.075605338,-0.451830685,-0.300731422,0.953357597,0.360013359,0.049880768
2018-08-05,0.106602042,-0.442122518,-0.24263067,1.130517173,0.374170874,0.065341877
2018-08-06,0.097928312,-0.47391467,-0.279259405,1.265252236,0.357436777,0.006411278
2018-08-07,0.059498042,-0.528049445,-0.347464635,1.079632861,0.242740171,-0.093252757
2018-08-08,-0.02683825,-0.649931982,-0.509136293,0.776281512,0.140366437,-0.241090003
2018-08-09,0.045603736,-0.578426945,-0.420722105,0.771621611,0.179295566,-0.19641219
2018-08-10,-0.00750801,-0.682925649,-0.523661481,0.659367933,0.043045795,-0.275796892
2018-08-11,-0.036588771,-0.652675734,-0.516083122,0.51805922,-0.009281837,-0.333543274
2018-08-12,-0.032645491,-0.645329883,-0.516083122,0.50672845,-0.020307744,-0.343764299
2018-08-13,-0.10735245,-0.652174427,-0.562184806,0.349581622,-0.163770758,-0.40524714
2018-08-14,-0.168603244,-0.67883856,-0.607023429,0.304286278,-0.196575253,-0.414871537
2018-08-15,-0.165796164,-0.649190798,-0.579867643,0.483512159,-0.181688907,-0.39156989
2018-08-16,-0.163635157,-0.642049302,-0.586814472,0.604308988,-0.15704331,-0.360138429
2018-08-17,-0.055540277,-0.575048311,-0.483875096,0.682806124,-0.036968112,-0.136432972
2018-08-18,-0.130559134,-0.617791123,-0.522398421,0.517670895,-0.123358154,-0.255686302
2018-08-19,-0.110865013,-0.595363886,-0.472507558,0.526643978,-0.101575194,-0.204828264
2018-08-20,-0.175271917,-0.649188138,-0.538186669,0.401589442,-0.216601533,-0.279241064
2018-08-21,-0.166070931,-0.600080403,-0.503452524,0.437717541,-0.183510719,-0.231348088
2018-08-22,-0.20211741,-0.630610906,-0.572289284,0.374046101,-0.229501267,-0.277674162
2018-08-23,-0.185007585,-0.587513934,-0.52808219,0.407955199,-0.204504224,-0.253851218
2018-08-24,-0.172947536,-0.53708468,-0.502189464,0.423016664,-0.179073409,-0.254161585
2018-08-25,-0.171425177,-0.525305694,-0.537555139,0.417788144,-0.193478322,-0.252281302
2018-08-26,-0.178435452,-0.540545135,-0.516083122,0.418911513,-0.212775901,-0.265702424
2018-08-27,-0.127002013,-0.492213841,-0.479454387,0.431324046,-0.167639803,-0.226147177
2018-08-28,-0.088267272,-0.434547832,-0.38788255,0.518253383,-0.120378371,-0.181146944
2018-08-29,-0.08834896,-0.447931586,-0.388514079,0.481556665,-0.151551934,-0.202342313
2018-08-30,-0.124803876,-0.466713171,-0.009596132,0.469102526,-0.174137324,-0.230543544
2018-08-31,-0.112654713,-0.450541895,0.99327337,0.451100886,-0.178912973,-0.230881031
2018-09-01,-0.078264263,-0.408126103,1.930463761,0.510486882,-0.125401158,-0.19354958
2018-09-02,-0.096049866,-0.386472646,1.122737002,0.525021334,-0.129608542,-0.209212578
2018-09-03,-0.102176431,-0.389922192,1.291355489,0.627012135,-0.151781861,-0.228985681
2018-09-04,-0.089863892,-0.362238947,1.293250079,0.615085009,-0.167119324,-0.241969879
2018-09-05,-0.221276848,-0.517229568,1.079792968,0.325033931,-0.398707357,-0.386760704
2018-09-06,-0.213130374,-0.589069742,1.129683831,0.338542096,-0.407885508,-0.329180053
2018-09-07,-0.247906983,-0.605990318,1.317248215,0.298919072,-0.464325087,-0.363154716
2018-09-08,-0.29059243,-0.671680699,1.560387232,0.204847327,-0.54783072,-0.399621358
2018-09-09,-0.302414844,-0.651277981,1.64690683,0.235386319,-0.552285372,-0.401589025
2018-09-10,-0.325695789,-0.643419781,2.318223127,0.245982046,-0.551613063,-0.426776982
2018-09-11,-0.347937076,-0.645735798,1.962671786,0.246606139,-0.603719509,-0.446697736
2018-09-12,-0.375918768,-0.637398242,2.042244555,0.159787752,-0.611245079,-0.427482088
2018-09-13,-0.353016555,-0.59230123,2.104766017,0.220740917,-0.489695147,-0.395854765
2018-09-14,-0.364757281,-0.59355463,1.868573829,0.202031971,-0.48798188,-0.406172215
2018-09-15,-0.356781607,-0.585246876,1.859100881,0.253637597,-0.438859589,-0.39156085
2018-09-16,-0.352021452,-0.592336619,2.090240829,0.232695781,-0.449638288,-0.394098026
2018-09-17,-0.397053559,-0.656634703,1.908360214,0.111191646,-0.548160387,-0.420961364
2018-09-18,-0.355979584,-0.632085026,1.742899377,0.146404407,-0.495676557,-0.271475857
2018-09-19,-0.334295258,-0.624662808,1.507970249,0.173018542,-0.495702634,-0.258841199
2018-09-20,-0.266398069,-0.591658231,1.562281822,0.225941699,-0.432279603,0.114397976
2018-09-21,-0.221002081,-0.533000252,1.555334992,0.294633627,-0.336884879,0.450510604
2018-09-22,-0.253773633,-0.53653428,1.602068206,0.259545685,-0.363361024,0.478642529
2018-09-23,-0.205050735,-0.539626871,1.692376984,0.285258351,-0.346661606,0.478314083
2018-09-24,-0.257033708,-0.571021092,1.550914283,0.209742997,-0.414326703,0.249374569
2018-09-25,-0.269851224,-0.611603147,1.556598052,0.214402897,-0.458677647,0.346489375
2018-09-26,-0.281376592,-0.59838011,1.562281822,0.201463352,-0.470206756,0.314449233
2018-09-27,-0.232921034,-0.548858211,1.678483325,0.260128172,-0.415350323,0.39000105
2018-09-28,-0.247543102,-0.5577463,1.64816989,0.238229413,-0.441774444,0.383163932
2018-09-29,-0.243280498,-0.569236449,1.669641907,0.258255891,-0.401726256,0.479938237
2018-09-30,-0.238906503,-0.562806069,1.695534633,0.248284258,-0.396464811,0.511107543
2018-10-01,-0.244297879,-0.572598719,1.71826971,0.231516937,-0.405486829,0.4957067
2018-10-02,-0.258734294,-0.581732006,1.64374918,0.22570593,-0.42104548,0.32809635
2018-10-03,-0.271626071,-0.596312085,1.567965591,0.218646736,-0.450072069,0.350168582
2018-10-04,-0.26780161,-0.576121838,1.530705326,0.208744447,-0.442572506,0.345479928
2018-10-05,-0.255273713,-0.563645306,1.545862044,0.209659784,-0.419223737,0.322639311
2018-10-06,-0.267809036,-0.572955674,1.467552335,0.190867625,-0.429985098,0.229396563
2018-10-07,-0.242894339,-0.568966637,1.478288343,0.188107744,-0.425651897,0.211187348
2018-10-08,-0.228420794,-0.555539245,1.488392822,0.195985195,-0.412049474,0.234425717
2018-10-09,-0.230277329,-0.558152215,1.524390027,0.187455912,-0.41757116,0.204612385
2018-10-10,-0.24273839,-0.573713222,1.471973044,0.178316405,-0.427170049,0.151970489
2018-10-11,-0.344773541,-0.663435609,1.123368532,-0.051280783,-0.584491356,-0.086852563
2018-10-12,-0.327879074,-0.658438503,1.279356421,-0.01084505,-0.553139821,0.021580099
2018-10-13,-0.328703376,-0.655329548,1.238306976,-0.008244659,-0.539632841,0.020865953
2018-10-14,-0.342144687,-0.653983549,1.223150258,-0.018533886,-0.557529415,-0.026117014
2018-10-15,-0.316182905,-0.570713229,1.261042053,0.032698671,-0.496852068,0.106557438
2018-10-16,-0.308571113,-0.570830441,1.134104541,0.023966904,-0.495047666,0.175672902
2018-10-17,-0.296733847,-0.58491174,0.870125037,0.036670681,-0.508220676,0.169477611
2018-10-18,-0.313643166,-0.603363645,0.735609166,0.007239803,-0.524403853,0.137922606
2018-10-19,-0.308407738,-0.606442532,0.788657678,0.007790392,-0.522777289,0.127234523
2018-10-20,-0.304650111,-0.599963192,0.839811601,0.020316649,-0.515390571,0.142219535
2018-10-21,-0.308132971,-0.601826862,0.818339584,0.013643006,-0.516639751,0.134815921
2018-10-22,-0.308853306,-0.600516253,0.722978567,0.063307006,-0.521402296,0.124013333
2018-10-23,-0.316524508,-0.603627869,0.600461764,0.035611109,-0.520135775,0.150979122
2018-10-24,-0.319658338,-0.598151275,0.435632457,0.024452311,-0.522235101,0.136452128
2018-10-25,-0.323089215,-0.603478062,0.313115654,0.01416031,-0.527149542,0.138907947
2018-10-26,-0.324173431,-0.60389768,0.481734141,0.013426653,-0.524503659,0.142632353
2018-10-27,-0.330314848,-0.602363691,0.614986952,0.008787556,-0.520682266,0.133773328
2018-10-28,-0.328235529,-0.600726062,0.531625004,0.009963626,-0.515668154,0.152027741
2018-10-29,-0.354516635,-0.642621521,0.395214542,-0.064664128,-0.550884366,0.089074422
2018-10-30,-0.354368112,-0.642174628,0.397109132,-0.074204443,-0.549544051,0.098852496
2018-10-31,-0.353937396,-0.646714065,0.34279756,-0.077863019,-0.550303128,0.109769588
2018-11-01,-0.345308223,-0.630319409,0.351007449,-0.068661103,-0.543835921,0.131887018
2018-11-02,-0.332557542,-0.627414808,0.348481329,-0.055652213,-0.536188897,0.140815349
2018-11-03,-0.340763426,-0.634820662,0.323220132,-0.05995014,-0.538136393,0.131721288
2018-11-04,-0.305489265,-0.630768962,0.287222927,-0.024344893,-0.506472666,0.152886524
2018-11-05,-0.306090782,-0.618908154,0.253120312,-0.01973908,-0.499510924,0.257510409
2018-11-06,-0.27041561,-0.607641518,0.299853526,0.046653409,-0.458907574,0.413200246
2018-11-07,-0.288297753,-0.588805385,0.262593261,0.013276871,-0.464411854,0.372903734
2018-11-08,-0.303528764,-0.609627721,0.102816193,-0.014335815,-0.485891159,0.245746587
2018-11-09,-0.320363822,-0.628183133,-0.051277106,-0.01206966,-0.495247148,0.267321628
2018-11-10,-0.312974813,-0.621752752,0.040294731,-0.011130746,-0.484581224,0.28549167
2018-11-11,-0.303617878,-0.621194237,-0.037383448,-0.038643576,-0.489755906,0.28312625
2018-11-12,-0.307182425,-0.632093141,-0.099273379,-0.048182504,-0.493755072,0.317031609
2018-11-13,-0.324990306,-0.635302811,-0.174425439,-0.063809813,-0.509335367,0.295778987
2018-11-14,-0.390184381,-0.80454649,-0.332307917,-0.221060657,-0.619633774,0.188084577
2018-11-15,-0.399697265,-0.829156303,-0.265997276,-0.252297246,-0.622197252,0.210189955
2018-11-16,-0.41746059,-0.848905112,-0.300099892,-0.288759582,-0.646613056,0.179758901
2018-11-17,-0.420995432,-0.854686907,-0.395460909,-0.299029393,-0.65171394,0.240159977
2018-11-18,-0.411779593,-0.835829088,-0.365147473,-0.290254634,-0.638415177,0.296866779
2018-11-19,-0.481095175,-1.040742068,-0.507241703,-0.463741625,-0.759396845,0.199516938
2018-11-20,-0.53905619,-1.15507706,-0.610812609,-0.560175217,-0.841098071,0.068620319
2018-11-21,-0.516755495,-1.114124479,-0.488295806,-0.525583776,-0.813502872,0.107566884
2018-11-22,-0.542932635,-1.17849068,-0.511030883,-0.582714713,-0.856856243,0.042567552
2018-11-23,-0.54919287,-1.183621361,-0.543238908,-0.600405693,-0.871647146,-0.013636033
2018-11-24,-0.585981963,-1.310688927,-0.629758506,-0.662324123,-0.914163344,-0.11033802
2018-11-25,-0.591425323,-1.27548275,-0.632284626,-0.662518285,-0.901341707,-0.11270344
2018-11-26,-0.605676083,-1.338380354,-0.708699745,-0.724782047,-0.936540547,-0.170256972
2018-11-27,-0.600811962,-1.327048193,-0.716278104,-0.694832477,-0.929275214,-0.156058426
2018-11-28,-0.559522629,-1.208059414,-0.615864848,-0.63144396,-0.875368699,-0.064472978
2018-11-29,-0.560673681,-1.202221209,-0.619022498,-0.639355528,-0.896602328,-0.097603925
2018-11-30,-0.582580791,-1.273494086,-0.667018771,-0.685191059,-0.915562562,-0.149152002
2018-12-01,-0.563629284,-1.219707086,-0.613338728,-0.650275922,-0.891861821,-0.117660276
2018-12-02,-0.562114352,-1.240086388,-0.615864848,-0.608753711,-0.901606711,-0.133567349
2018-12-03,-0.584400195,-1.307045736,-0.536923609,-0.697377116,-0.933981337,-0.190436868
2018-12-04,-0.591618402,-1.289944554,-0.647441344,-0.711777318,-0.928389556,-0.179959714
2018-12-05,-0.61722373,-1.345228956,-0.657545822,-0.764534744,-0.961955912,-0.222112403
2018-12-06,-0.642866188,-1.408685939,-0.709962805,-0.835602112,-1.008430104,-0.304392861
2018-12-07,-0.649802202,-1.436250509,-0.705542096,-0.790215234,-1.001778506,-0.331328517
2018-12-08,-0.643757324,-1.420943682,-0.695437617,-0.788064746,-1.006701253,-0.315442537
2018-12-09,-0.636219793,-1.383309865,-0.706805156,-0.769181469,-0.993764984,-0.297058553
2018-12-10,-0.64728474,-1.413711915,-0.708068215,-0.780795994,-1.008757156,-0.325998036
2018-12-11,-0.652126583,-1.434983272,-0.715646574,-0.804075942,-1.020643433,-0.333293172
2018-12-12,-0.644269728,-1.417991318,-0.701121386,-0.781729222,-1.013495247,-0.31527982
2018-12-13,-0.654807419,-1.465203453,-0.730171762,-0.785798314,-1.031079429,-0.33726768
2018-12-14,-0.660985967,-1.484601428,-0.727014113,-0.807399866,-1.04075648,-0.371124826
2018-12-15,-0.661609763,-1.486160828,-0.699858327,-0.818312355,-1.040181696,-0.379884413
2018-12-16,-0.655453493,-1.481780179,-0.692279968,-0.818573087,-1.036619351,-0.373719255
2018-12-17,-0.62782083,-1.401938716,-0.434615763,-0.767824966,-0.99380069,-0.251609342
2018-12-18,-0.613629478,-1.361014872,-0.339254746,-0.740494649,-0.967868356,-0.186194178
2018-12-19,-0.615040445,-1.347420777,-0.316519669,-0.709797692,-0.96719118,-0.180788365
2018-12-20,-0.578979114,-1.241567692,-0.30957284,-0.658724904,-0.902352883,-0.101711017
2018-12-21,-0.56861965,-1.306388303,-0.427037404,-0.692956174,-0.931503698,-0.160858571
2018-12-22,-0.559611743,-1.27433492,-0.45419319,-0.672021015,-0.89999924,-0.149594953
2018-12-23,-0.543118288,-1.278477155,-0.428931994,-0.637363698,-0.839249193,-0.122589992
2018-12-24,-0.532083046,-1.256783186,-0.430195054,-0.60769705,-0.798161105,-0.015531382
2018-12-25,-0.56330996,-1.32847302,-0.516083122,-0.667595774,-0.843243661,-0.093656536
2018-12-26,-0.565634342,-1.317081789,-0.471876028,-0.556177411,-0.834476324,-0.10022246
2018-12-27,-0.597225137,-1.372247716,-0.541344318,-0.65532179,-0.90079555,-0.213313644
2018-12-28,-0.560703385,-1.298929365,-0.497137224,-0.591007811,-0.809399532,-0.105769897
2018-12-29,-0.563332239,-1.327133009,-0.516714652,-0.603347949,-0.807788917,-0.134697327
2018-12-30,-0.55017312,-1.31472353,-0.539449729,-0.587137319,-0.799803094,-0.127679412
2018-12-31,-0.566636871,-1.34830638,-0.552711857,-0.623221731,-0.827958682,-0.178528409
2019-01-01,-0.55561648,-1.320835804,-0.523661481,-0.598366848,-0.795639259,-0.142173259
2019-01-02,-0.535484217,-1.293618677,-0.514188532,-0.569042897,-0.733924064,-0.110618255
2019-01-03,-0.554613951,-1.322682844,-0.543870438,-0.616762915,-0.759570315,-0.155874616
2019-01-04,-0.546222414,-1.316967372,-0.572289284,-0.594637956,-0.735944231,-0.166351769
2019-01-05,-0.539620577,-1.320379533,-0.569763164,-0.610985748,-0.731360981,-0.170787309
2019-01-06,-0.505757383,-1.257319018,-0.564079395,-0.560030012,-0.722219235,-0.131253155
2019-01-07,-0.515151449,-1.271319826,-0.591235182,-0.641550813,-0.748448047,-0.143450887
2019-01-08,-0.511223021,-1.269794086,-0.596918951,-0.631561567,-0.754258503,-0.140534038
2019-01-09,-0.48416217,-1.268581995,-0.60323425,-0.632251953,-0.752334897,-0.123735036
2019-01-10,-0.540897873,-1.36568356,-0.687859258,-0.708660039,-0.848531782,-0.238956605
2019-01-11,-0.543734658,-1.363383641,-0.689753848,-0.701176599,-0.853202659,-0.23819726
2019-01-12,-0.547024437,-1.370485491,-0.67775478,-0.690745217,-0.860063702,-0.250563736
2019-01-13,-0.572741157,-1.400007327,-0.711857395,-0.734819833,-0.899399342,-0.283519913
2019-01-14,-0.544388158,-1.358292009,-0.655651233,-0.719728551,-0.846607912,-0.235599818
2019-01-15,-0.553663406,-1.378830165,-0.701121386,-0.739660305,-0.877126642,-0.255448253
2019-01-16,-0.53905619,-1.372200485,-0.684070079,-0.72556258,-0.870558138,-0.247848776
2019-01-17,-0.535038649,-1.365781813,-0.711857395,-0.696028102,-0.869712958,-0.248897395
2019-01-18,-0.54247964,-1.371428701,-0.704279036,-0.715189863,-0.881561536,-0.264192774
2019-01-19,-0.531830557,-1.352156984,-0.67459713,-0.712903183,-0.866342283,-0.24393152
2019-01-20,-0.548710171,-1.386912144,-0.696069147,-0.728844066,-0.888221475,-0.273533923
2019-01-21,-0.552720286,-1.393718837,-0.707436685,-0.726644343,-0.898271382,-0.27470006
2019-01-22,-0.547960131,-1.385941194,-0.735224002,-0.72324317,-0.891376056,-0.278614303
2019-01-23,-0.552995053,-1.391241904,-0.74406542,-0.726428684,-0.896992885,-0.287651112
2019-01-24,-0.552051933,-1.386952523,-0.74659154,-0.725657304,-0.897382051,-0.284318431
2019-01-25,-0.554547116,-1.387252136,-0.696700677,-0.719618988,-0.90165251,-0.285623178
2019-01-26,-0.554859014,-1.386517937,-0.718804224,-0.725979475,-0.901173663,-0.294452071
2019-01-27,-0.565857126,-1.391557217,-0.754169899,-0.733477477,-0.914548141,-0.308903733
2019-01-28,-0.583650155,-1.42248705,-0.806586882,-0.776028333,-0.944109605,-0.352825213
2019-01-29,-0.587519173,-1.428572316,-0.81732289,-0.779923788,-0.948411369,-0.368810632
2019-01-30,-0.577085448,-1.418200728,-0.795850873,-0.76554217,-0.934057152,-0.275691427
2019-01-31,-0.586605758,-1.425935931,-0.81858595,-0.775007177,-0.942066471,-0.307104808
2019-02-01,-0.584348212,-1.417720176,-0.824269719,-0.775401882,-0.939686157,-0.311681971
2019-02-02,-0.579602909,-1.408697115,-0.811639121,-0.768027173,-0.927452343,-0.30446518
2019-02-03,-0.589167776,-1.424240959,-0.831848078,-0.779681085,-0.940194162,-0.330258805
2019-02-04,-0.590445072,-1.425565006,-0.836900318,-0.783421765,-0.938767409,-0.336749397
2019-02-05,-0.590155453,-1.423602285,-0.841952557,-0.786736535,-0.940407341,-0.339639127
2019-02-06,-0.599311882,-1.437931511,-0.855846215,-0.801978848,-0.951356205,-0.365288114
2019-02-07,-0.601294661,-1.441826819,-0.869108343,-0.787311256,-0.953021754,-0.362603287
2019-02-08,-0.568953826,-1.368992546,-0.799008523,-0.746949305,-0.889119707,-0.302141946
2019-02-09,-0.566674001,-1.367787307,-0.803429232,-0.755467215,-0.888412091,-0.303344242
2019-02-10,-0.553514883,-1.362614518,-0.805323822,-0.744504383,-0.865095389,-0.307487494
2019-02-11,-0.561661357,-1.373992312,-0.830585019,-0.757481513,-0.880311767,-0.329086641
2019-02-12,-0.561527687,-1.372603274,-0.838163377,-0.756575744,-0.874786237,-0.321707134
2019-02-13,-0.566228433,-1.378449993,-0.838794907,-0.751143909,-0.874867284,-0.32443716
2019-02-14,-0.570520741,-1.38258877,-0.836268788,-0.750757942,-0.879913532,-0.331593685
2019-02-15,-0.570075173,-1.381517971,-0.829321959,-0.75393763,-0.87683311,-0.332045676
2019-02-16,-0.566911638,-1.379072037,-0.81921748,-0.755708531,-0.871802351,-0.33221442
2019-02-17,-0.563748102,-1.367070004,-0.776273446,-0.744133671,-0.826958362,-0.327191292
2019-02-18,-0.532907347,-1.301164825,-0.699226797,-0.71206454,-0.772741741,-0.272355733
2019-02-19,-0.528800692,-1.292614599,-0.728908703,-0.685992257,-0.776004334,-0.26572653
2019-02-20,-0.51845608,-1.278248188,-0.721330344,-0.671346439,-0.757751482,-0.238269578
2019-02-21,-0.537630371,-1.290700838,-0.753538369,-0.698231015,-0.772600898,-0.27319041
2019-02-22,-0.528763561,-1.276693444,-0.735855532,-0.668398775,-0.759754906,-0.271343273
2019-02-23,-0.510718044,-1.239364629,-0.718804224,-0.651620359,-0.717668221,-0.23905303
2019-02-24,-0.556292259,-1.329852613,-0.787640984,-0.741522046,-0.817182564,-0.332997871
2019-02-25,-0.544506976,-1.310161344,-0.752275309,-0.726995777,-0.799961803,-0.251437585
2019-02-26,-0.549994893,-1.317882776,-0.756696019,-0.723081322,-0.807479501,-0.278656489
2019-02-27,-0.550247382,-1.318784809,-0.759222138,-0.722242124,-0.815997124,-0.297854057
2019-02-28,-0.551339024,-1.317766297,-0.786377925,-0.729981026,-0.813306635,-0.291911881
2019-03-01,-0.550180546,-1.31645888,-0.775010386,-0.728911606,-0.814619281,-0.285180227
2019-03-02,-0.553455474,-1.315142484,-0.769326617,-0.729591036,-0.824320821,-0.291767244
2019-03-03,-0.557361623,-1.31983971,-0.771852737,-0.729140995,-0.832811638,-0.299517384
2019-03-04,-0.570060321,-1.343168448,-0.782588745,-0.746126056,-0.852223254,-0.32187889
2019-03-05,-0.550678098,-1.30643427,-0.780694155,-0.72420372,-0.808638864,-0.287605912
2019-03-06,-0.553418343,-1.304372298,-0.781957215,-0.725145408,-0.804444653,-0.286026957
2019-03-07,-0.552668303,-1.302317379,-0.776904976,-0.714347337,-0.807718827,-0.292852022
2019-03-08,-0.554747622,-1.305138228,-0.783851805,-0.734801804,-0.820329796,-0.306951131
2019-03-09,-0.524567793,-1.288195301,-0.772484267,-0.72669954,-0.808018844,-0.2956845
2019-03-10,-0.532216716,-1.291387009,-0.771852737,-0.718547488,-0.813252693,-0.297851044
2019-03-11,-0.517847137,-1.304022262,-0.792693224,-0.732346619,-0.825938385,-0.304004149
2019-03-12,-0.519599706,-1.302951729,-0.763642848,-0.726763891,-0.823297469,-0.306607618
2019-03-13,-0.5255926,-1.30361628,-0.755432959,-0.730909123,-0.828414896,-0.294864889
2019-03-14,-0.514713306,-1.298806633,-0.74659154,-0.721553817,-0.826469451,-0.298309061
2019-03-15,-0.499697653,-1.28884994,-0.740907771,-0.708438693,-0.809205342,-0.291990226
2019-03-16,-0.488231695,-1.26492284,-0.722593403,-0.695910634,-0.788791354,-0.275670334
2019-03-17,-0.498732255,-1.271325082,-0.720067284,-0.70417114,-0.799191081,-0.284276245
2019-03-18,-0.496912851,-1.269341939,-0.718804224,-0.707615028,-0.801906124,-0.284794528
2019-03-19,-0.481006061,-1.258801918,-0.713751985,-0.677804423,-0.796941447,-0.279247091
2019-03-20,-0.471374359,-1.254364393,-0.732697882,-0.673658915,-0.79621639,-0.278255723
2019-03-21,-0.478733663,-1.270208516,-0.737118591,-0.65715191,-0.813784554,-0.299023207
2019-03-22,-0.440399933,-1.271668599,-0.738381651,-0.645005657,-0.81141897,-0.302569831
2019-03-23,-0.397929844,-1.268437577,-0.730803292,-0.644546324,-0.806828042,-0.300104973
2019-03-24,-0.413353935,-1.272159063,-0.737118591,-0.652753297,-0.812262697,-0.310250666
2019-03-25,-0.433248561,-1.288261556,-0.74406542,-0.667752491,-0.820746431,-0.325127199
2019-03-26,-0.408408126,-1.282264365,-0.737118591,-0.670508489,-0.81888418,-0.322098859
2019-03-27,-0.36960655,-1.254476149,-0.717541164,-0.649672215,-0.794907318,-0.299785566
2019-03-28,-0.382728537,-1.259369481,-0.724487993,-0.66221137,-0.801724513,-0.309485294
2019-03-29,-0.342174392,-1.251394933,-0.716278104,-0.648459254,-0.788360887,-0.313453776
2019-03-30,-0.338832629,-1.249137322,-0.720698814,-0.65953373,-0.790116444,-0.305308897
2019-03-31,-0.353632925,-1.249479509,-0.720698814,-0.65429786,-0.792626051,-0.30953652
2019-04-01,-0.334443781,-1.235098729,-0.480085917,-0.654392445,-0.791254432,-0.298935822
2019-04-02,-0.236886593,-1.03845665,-0.269154926,-0.566743874,-0.69525928,-0.182165431
2019-04-03,-0.197854806,-1.013077449,-0.036120388,-0.566208402,-0.706115815,-0.210083414
2019-04-04,-0.22275465,-1.026761881,0.300485056,-0.580427201,-0.720890505,-0.23937545
2019-04-05,-0.194119458,-0.995732066,0.232911355,-0.515860533,-0.688522698,-0.151116656
2019-04-06,-0.20107775,-0.989428076,0.137550338,-0.491854972,-0.686647343,-0.173408857
2019-04-07,-0.199629653,-0.951532696,0.12428821,-0.259628407,-0.649412287,-0.156983501
2019-04-08,-0.225435486,-0.926772013,-0.111272448,-0.324576189,-0.624570648,-0.161871031
2019-04-09,-0.2496447,-0.949881097,-0.212948764,-0.354290683,-0.642546316,-0.18830347
2019-04-10,-0.203491245,-0.917295208,-0.126429166,-0.346135025,-0.637241978,-0.17224272
2019-04-11,-0.252347814,-0.988155517,-0.272944105,-0.450513193,-0.688600001,-0.243982746
2019-04-12,-0.251768575,-0.981329732,-0.230631601,-0.439866291,-0.691899527,-0.25795831
2019-04-13,-0.24977837,-0.979409519,-0.220527123,-0.443922901,-0.692866691,-0.258907491
2019-04-14,-0.243005731,-0.960026977,-0.214211824,-0.42992087,-0.678443773,-0.250536616
2019-04-15,-0.260353192,-0.987441474,-0.272312575,-0.464509122,-0.705615389,-0.274329427
2019-04-16,-0.249392211,-0.941543142,-0.243893729,-0.448877097,-0.679376649,-0.255330735
2019-04-17,-0.254657343,-0.937080472,-0.259681977,-0.459754497,-0.682294418,-0.230516424
2019-04-18,-0.264303898,-0.924424731,-0.173793909,-0.44443757,-0.652524971,-0.225659027
2019-04-19,-0.281198364,-0.922946088,-0.207264994,-0.451033271,-0.652982973,-0.24121656
2019-04-20,-0.303432225,-0.913661929,-0.201581225,-0.456974783,-0.652797193,-0.251540037
2019-04-21,-0.321254958,-0.920025522,-0.291258473,-0.501295847,-0.668866528,-0.269701039
2019-04-22,-0.292040527,-0.896910584,-0.267260336,-0.499385565,-0.660936963,-0.265226327
2019-04-23,-0.318150832,-0.849773619,-0.283680114,-0.497265588,-0.662788487,-0.273398326
2019-04-24,-0.332104547,-0.879063228,-0.392934789,-0.546407291,-0.687172654,-0.330361256
2019-04-25,-0.357360846,-0.948366932,-0.451667071,-0.574884693,-0.736475766,-0.369334941
2019-04-26,-0.3575465,-0.929611955,-0.443457182,-0.569448004,-0.728287876,-0.34185991
2019-04-27,-0.350291162,-0.932624719,-0.445351772,-0.560266335,-0.719231839,-0.347166285
2019-04-28,-0.362210115,-0.928034062,-0.435878823,-0.549183122,-0.724176,-0.345102192
2019-04-29,-0.391617626,-0.938329881,-0.476928267,-0.551044031,-0.733254735,-0.354554833
2019-04-30,-0.349177241,-0.91016329,-0.447246361,-0.505117937,-0.703048202,-0.308792241
2019-05-01,-0.359068858,-0.896002697,-0.442194122,-0.513558598,-0.708893801,-0.323195691
2019-05-02,-0.362299229,-0.868050705,-0.38535643,-0.52079975,-0.703235773,-0.327586031
2019-05-03,-0.352801197,-0.796388809,-0.315888139,-0.481016542,-0.677949766,-0.312570887
2019-05-04,-0.374916239,-0.779256295,-0.341780866,-0.51450722,-0.694978058,-0.323629602
2019-05-05,-0.380367025,-0.788917897,-0.358832174,-0.52756049,-0.697475949,-0.330288938
2019-05-06,-0.375658853,-0.802242181,-0.428931994,-0.533841647,-0.657559998,-0.330147314
2019-05-07,-0.396036178,-0.779710239,-0.432721173,-0.537647926,-0.669941639,-0.33829822
2019-05-08,-0.391803279,-0.738033902,-0.432089643,-0.528104006,-0.664955652,-0.335173455
2019-05-09,-0.413450474,-0.685699735,-0.45545625,-0.551097703,-0.667813456,-0.347865365
2019-05-10,-0.400551271,-0.630028044,-0.441562592,-0.541530483,-0.655436651,-0.336179888
2019-05-11,-0.31334612,-0.404986815,-0.295047652,-0.480436828,-0.563648154,-0.263391243
2019-05-12,-0.351108037,-0.468309425,-0.351253815,-0.515619772,-0.593919685,-0.306990304
2019-05-13,-0.328933586,-0.238739402,-0.293784593,-0.478857594,-0.552622452,-0.260582872
2019-05-14,-0.244030538,-0.189830301,-0.09674726,-0.414139618,-0.464561169,-0.008712343
2019-05-15,-0.173883229,-0.132406164,0.054819919,-0.271406168,-0.334416575,0.132739775
2019-05-16,-0.216880574,-0.219667915,-0.033594268,-0.262685496,-0.261299482,0.023363958
2019-05-17,-0.253276082,-0.367079327,-0.16368943,-0.321976075,-0.349114096,-0.077622905
2019-05-18,-0.284139115,-0.386884681,-0.136533644,-0.329671568,-0.388886224,-0.118172532
2019-05-19,-0.225532026,-0.134443855,-0.027278969,-0.235462662,-0.273087969,0.017316317
2019-05-20,-0.241483373,-0.194218999,-0.113798567,-0.295583701,-0.313981077,-0.04203614
2019-05-21,-0.243198811,-0.198301033,-0.085379721,-0.289025307,-0.299444056,-0.043241449
2019-05-22,-0.292671749,-0.275481962,-0.178214618,-0.358321774,-0.345061448,-0.106417751
2019-05-23,-0.272361259,-0.220502363,-0.16432096,-0.343238536,-0.339566897,-0.092656129
2019-05-24,-0.27103198,-0.191749716,-0.142848943,-0.3128987,-0.324301844,-0.082600834
2019-05-25,-0.273757373,-0.173992032,-0.145375063,-0.310650714,-0.314434511,-0.075070662
2019-05-26,-0.232824495,-0.00487594,-0.081590542,-0.260749141,-0.248028319,-0.010667958
2019-05-27,-0.190636599,0.031243711,-0.050645576,-0.186829387,-0.222901159,0.066938912
2019-05-28,-0.182319323,0.00786109,-0.046224867,-0.18330298,-0.227646099,0.104246256
2019-05-29,-0.196785442,-0.008616585,-0.059486995,-0.189376661,-0.237678829,0.095700612
2019-05-30,-0.243993408,-0.101261267,0.023243424,-0.195176711,-0.29665475,0.031463638
2019-05-31,-0.207375116,-0.031772766,0.138813398,-0.122473108,-0.243500333,0.080215397
2019-06-01,-0.199265772,-0.034629737,0.12491974,-0.134292058,-0.255308278,0.056136325
2019-06-02,-0.154374762,0.014126896,0.111657612,-0.00368808,-0.234339658,0.098930841
2019-06-03,-0.212818476,-0.131363371,-0.014648371,-0.018118655,-0.310756077,0.041615358
2019-06-04,-0.259023913,-0.26793322,-0.113167037,-0.184410538,-0.359635997,-0.034008778
2019-06-05,-0.251954229,-0.236200937,-0.0954842,-0.190764368,-0.334859221,-0.027786367
2019-06-06,-0.25170174,-0.236802558,-0.084748191,-0.21673111,-0.324348038,0.022860741
2019-06-07,-0.234361705,-0.176333327,-0.070223003,-0.183865773,-0.318032528,0.033678394
2019-06-08,-0.246198971,-0.200807701,-0.086642781,-0.14979552,-0.340553983,0.001379111
2019-06-09,-0.281421149,-0.273299254,-0.132112935,-0.192414056,-0.395429479,-0.071376388
2019-06-10,-0.236366763,-0.188219014,-0.082222072,-0.172908905,-0.332824429,-0.034731964
2019-06-11,-0.218336097,-0.208004677,-0.103062559,-0.178056847,-0.340364295,-0.053311811
2019-06-12,-0.154768347,-0.148566664,-0.09737879,-0.136820055,-0.274774894,-0.03071527
2019-06-13,-0.205162127,-0.125388398,-0.09295808,-0.138237441,-0.295310796,-0.033345858
2019-06-14,-0.198627124,0.000741679,-0.061381585,-0.138847111,-0.260963529,-0.018177037
2019-06-15,-0.190725712,0.040125414,-0.040541097,-0.130369005,-0.239571586,-0.004623331
2019-06-16,-0.185987836,0.082662009,-0.02222673,-0.117915698,-0.238687221,0.046894614
2019-06-17,-0.176809128,0.171451096,-0.01970061,-0.101633089,-0.216444936,0.108859579
2019-06-18,-0.209550975,0.106441897,-0.060750055,-0.154378311,-0.256780501,0.05064614
2019-06-19,-0.203379853,0.158690916,-0.057592405,-0.139185786,-0.237782474,0.074921075
2019-06-20,-0.222643258,0.227800509,-0.038014978,-0.144938961,-0.227965773,0.053846237
2019-06-21,-0.206476553,0.396024146,0.001139877,-0.113905271,-0.12726943,0.094118643
2019-06-22,-0.170793955,0.547828116,0.036505552,-0.055099266,-0.064505601,0.18926578
2019-06-23,-0.153884637,0.589701621,0.0522938,-0.036869763,-0.071239667,0.169760858
2019-06-24,-0.145901537,0.632134177,0.092711714,-0.0387953,-0.059975628,0.175175712
2019-06-25,-0.156015939,0.844612263,0.107868432,-0.040167474,-0.026569777,0.169574035
2019-06-26,-0.152577636,1.178476903,0.099658543,-0.069530951,0.054224321,0.167229708
2019-06-27,-0.229594124,0.678918843,0.068082048,-0.261958358,-0.130056879,-0.009640432
2019-06-28,-0.208459333,1.012568483,0.169758364,-0.21004651,-0.056499456,0.046288946
2019-06-29,-0.200090074,0.890511393,0.116078321,-0.175824116,-0.018187172,0.05250533
2019-06-30,-0.261905255,0.579288857,0.023243424,-0.251864264,-0.145548949,-0.046833272
2019-07-01,-0.249102591,0.515524678,0.010612825,-0.246585678,-0.132774439,-0.015341546
2019-07-02,-0.269487343,0.575071651,-0.010859192,-0.254737176,-0.141643234,-0.035403924
2019-07-03,-0.25522173,0.891028666,0.057977569,-0.231689113,-0.091746578,-0.010309379
2019-07-04,-0.29401588,0.687809859,0.004929056,-0.247206166,-0.172323324,-0.070011375
2019-07-05,-0.303239145,0.623239968,0.407845141,-0.23560759,-0.157253514,-0.099405862
2019-07-06,-0.297275955,0.685933416,0.205755569,-0.239592083,-0.159207165,-0.068998915
2019-07-07,-0.277752636,0.751952415,0.260067141,-0.223424863,-0.080466524,-0.04491683
2019-07-08,-0.273950453,0.979497386,0.213333928,-0.211643358,-0.047714713,-0.031399283
2019-07-09,-0.292389556,1.057929853,0.207018628,-0.226922839,-0.066671308,-0.053592045
2019-07-10,-0.337339975,0.944227084,0.128077389,-0.311853134,-0.148557724,-0.14517448
2019-07-11,-0.387399579,0.726834644,0.013770475,-0.403211457,-0.240939101,-0.24593836
2019-07-12,-0.353573515,0.851442972,0.075028877,-0.379313656,-0.208092646,-0.204406406
2019-07-13,-0.375733114,0.736021548,0.017559655,-0.404038173,-0.237665327,-0.240381883
2019-07-14,-0.430248401,0.426405375,-0.130849875,-0.536895546,-0.419323213,-0.317982727
2019-07-15,-0.429446378,0.600523893,-0.081590542,-0.520301862,-0.409789651,-0.291212801
2019-07-16,-0.485031029,0.214308059,-0.250209029,-0.581755827,-0.542462316,-0.347211484
2019-07-17,-0.461363924,0.273206049,-0.120745396,-0.532560036,-0.489127081,-0.305366149
2019-07-18,-0.435127374,0.538234631,-0.063276174,-0.483599597,-0.423712342,-0.267510389
2019-07-19,-0.427589843,0.501246473,-0.102431029,-0.508843499,-0.446409384,-0.275257516
2019-07-20,-0.404041556,0.56566097,-0.065170764,-0.466607602,-0.412638455,-0.237278211
2019-07-21,-0.41707443,0.519876257,-0.09169502,-0.454772148,-0.427769618,-0.243003432
2019-07-22,-0.429973634,0.450123533,-0.141585884,-0.441699185,-0.462776554,-0.270734592
2019-07-23,-0.457108746,0.329598302,-0.215474883,-0.48598003,-0.483733195,-0.307436268
2019-07-24,-0.433092612,0.305391345,-0.193371336,-0.473940289,-0.465004479,-0.289293346
2019-07-25,-0.435929397,0.332615724,-0.189582157,-0.488428835,-0.453850044,-0.292719438
2019-07-26,-0.404591091,0.321297733,-0.189582157,-0.460216327,-0.453799677,-0.26644369
2019-07-27,-0.426966048,0.214317904,-0.251472088,-0.500842062,-0.506809612,-0.305622277
2019-07-28,-0.429914225,0.234803109,-0.228737012,-0.504188037,-0.490421462,-0.300318915
2019-07-29,-0.423089603,0.225616737,-0.24073608,-0.4995911,-0.490067968,-0.305230552
2019-07-30,-0.426423939,0.249670162,-0.255261268,-0.499090022,-0.493301374,-0.281690856
2019-07-31,-0.424879302,0.379967686,-0.203475815,-0.483308076,-0.458030756,-0.274341481
2019-08-01,-0.43438476,0.465535266,-0.16684708,-0.494039023,-0.461698997,-0.283390342
2019-08-02,-0.445226923,0.497824868,-0.197160516,-0.507451493,-0.461425188,-0.299999508
2019-08-03,-0.442620349,0.580534408,-0.195265926,-0.505131667,-0.441391234,-0.286852594
2019-08-04,-0.453700148,0.620985151,-0.178846148,-0.474242766,-0.44061316,-0.277556644
2019-08-05,-0.450662857,0.848627509,-0.084748191,-0.464985097,-0.390535356,-0.266341238
2019-08-06,-0.475250804,0.759396985,-0.171267789,-0.511089682,-0.426078525,-0.303217685
2019-08-07,-0.486115245,0.885769732,-0.135902114,-0.503121114,-0.424472082,-0.30128015
2019-08-08,-0.485639972,0.892428548,-0.185161448,-0.492722185,-0.44810776,-0.314261334
2019-08-09,-0.517787728,0.864235613,-0.200318165,-0.517635456,-0.493447509,-0.345352294
2019-08-10,-0.485558285,0.725570997,-0.23947302,-0.538034448,-0.509736447,-0.341200003
2019-08-11,-0.463279867,0.771770008,-0.204107345,-0.516666308,-0.469140316,-0.331575606
2019-08-12,-0.478451469,0.73336148,-0.215474883,-0.520485207,-0.489981131,-0.336375751
2019-08-13,-0.481251124,0.600725588,-0.250209029,-0.504499668,-0.501167668,-0.347473639
2019-08-14,-0.522547883,0.370724372,-0.31525661,-0.548572481,-0.59703217,-0.447803608
2019-08-15,-0.518693717,0.441524147,-0.367042062,-0.538548702,-0.588815557,-0.443166179
2019-08-16,-0.523728639,0.458633512,-0.341149336,-0.55539133,-0.602096914,-0.45193782
2019-08-17,-0.51962941,0.419780353,-0.363252883,-0.565336196,-0.60102293,-0.440638042
2019-08-18,-0.494840958,0.450860326,-0.31462508,-0.549432482,-0.562827529,-0.389638381
2019-08-19,-0.498056477,0.606235974,-0.267891866,-0.552309693,-0.525531913,-0.387583328
2019-08-20,-0.506247508,0.564596357,-0.289363883,-0.488907446,-0.553840723,-0.410249175
2019-08-21,-0.521708729,0.394251213,-0.344938515,-0.473421736,-0.595800796,-0.439010874
2019-08-22,-0.504650888,0.392345499,-0.329150268,-0.315890467,-0.576536706,-0.424899713
2019-08-23,-0.501828955,0.467795669,-0.320940379,-0.331518747,-0.561905041,-0.408022365
2019-08-24,-0.498955039,0.400221396,-0.353779934,-0.368996969,-0.576724737,-0.420051355
2019-08-25,-0.50443553,0.394378668,-0.353148404,-0.331557718,-0.596014375,-0.427479075
2019-08-26,-0.502519586,0.457674801,-0.342412396,-0.304040173,-0.586962046,-0.425369783
2019-08-27,-0.501465074,0.407180091,-0.379672661,-0.325532716,-0.593089721,-0.428895314
2019-08-28,-0.531273596,0.289723371,-0.440299532,-0.424805104,-0.652195568,-0.465560831
2019-08-29,-0.539650281,0.223179384,-0.487032746,-0.497853068,-0.671164473,-0.466781207
2019-08-30,-0.538699735,0.247149791,-0.466823789,-0.447357913,-0.674122087,-0.469273185
2019-08-31,-0.537474423,0.25600249,-0.448509421,-0.450622895,-0.658355609,-0.460275549
2019-09-01,-0.540793907,0.290690064,-0.46050849,-0.453939607,-0.662000688,-0.463740814
2019-09-02,-0.534711899,0.451119227,-0.394829379,-0.396816853,-0.632861653,-0.455406098
2019-09-03,-0.524248469,0.526534008,-0.395460909,-0.377741217,-0.627864944,-0.448418316
2019-09-04,-0.533560847,0.518619528,-0.335465567,-0.382763647,-0.643074143,-0.458163244
2019-09-05,-0.541581077,0.513453458,-0.435878823,-0.344635813,-0.650776493,-0.468887486
2019-09-06,-0.541744452,0.45290174,-0.449772481,-0.391660867,-0.669258409,-0.480958661
2019-09-07,-0.528503647,0.497574212,-0.445983302,-0.397185207,-0.633229179,-0.455806863
2019-09-08,-0.524634628,0.476872148,-0.45482472,-0.399690042,-0.619813663,-0.448584046
2019-09-09,-0.523060287,0.447907829,-0.480085917,-0.405849432,-0.620707493,-0.459196797
2019-09-10,-0.526186691,0.388236593,-0.495242635,-0.417924955,-0.626616432,-0.461881624
2019-09-11,-0.537474423,0.405237925,-0.519240771,-0.443806819,-0.631221456,-0.470062662
2019-09-12,-0.534043546,0.468384784,-0.502820994,-0.461176876,-0.621285951,-0.473512861
2019-09-13,-0.531808278,0.454875573,-0.502189464,-0.469125336,-0.620879839,-0.471283038
2019-09-14,-0.526082725,0.454194923,-0.492716515,-0.456586181,-0.590535573,-0.454360492
2019-09-15,-0.524040537,0.451378662,-0.480717447,-0.454433889,-0.583232911,-0.452971373
2019-09-16,-0.522020627,0.432055193,-0.483875096,-0.460182071,-0.551464811,-0.455008346
2019-09-17,-0.507636196,0.422376559,-0.38725102,-0.446860025,-0.501602703,-0.382505962
2019-09-18,-0.475822616,0.410653586,-0.317151199,-0.436402154,-0.489525845,-0.295835164
2019-09-19,-0.481674414,0.429227224,-0.323466498,-0.459289201,-0.446637394,-0.329990624
2019-09-20,-0.482892301,0.406128783,-0.346833105,-0.46807034,-0.460651021,-0.35400943
2019-09-21,-0.485996427,0.362008708,-0.401144678,-0.471705201,-0.471641581,-0.369157158
2019-09-22,-0.506871304,0.375816471,-0.397355498,-0.487352481,-0.488865052,-0.400832694
2019-09-23,-0.528013521,0.282884681,-0.464297669,-0.513340304,-0.530609499,-0.431736831
2019-09-24,-0.592554096,-0.019221464,-0.627232387,-0.679518324,-0.67726303,-0.532527831
2019-09-25,-0.579016244,-0.055616515,-0.646809814,-0.652583127,-0.665196236,-0.498733964
2019-09-26,-0.587682549,-0.155893357,-0.67333407,-0.670378678,-0.683264428,-0.506740233
2019-09-27,-0.578006289,-0.11968776,-0.631653096,-0.671150474,-0.648634347,-0.506026087
2019-09-28,-0.583241717,-0.121303703,-0.623443207,-0.673539505,-0.649233391,-0.510395334
2019-09-29,-0.59320017,-0.159921109,-0.630390036,-0.688420121,-0.666884484,-0.513960037
2019-09-30,-0.582811001,-0.10823779,-0.52681913,-0.670136668,-0.626247579,-0.470131968
2019-10-01,-0.585618082,-0.094775407,-0.5261876,-0.679916496,-0.637229204,-0.489320496
2019-10-02,-0.578652363,-0.081215637,-0.549554207,-0.672020599,-0.62261144,-0.477345745
2019-10-03,-0.586702298,-0.117468066,-0.565973985,-0.682337009,-0.646516161,-0.494458128
2019-10-04,-0.577003761,-0.132195956,-0.543870438,-0.683191879,-0.638770853,-0.476152489
2019-10-05,-0.576535914,-0.147029083,-0.567868575,-0.683204499,-0.641518592,-0.477592834
2019-10-06,-0.579550926,-0.191536049,-0.552711857,-0.692904166,-0.655799279,-0.464792446
2019-10-07,-0.562114352,-0.121383263,-0.524924541,-0.67231115,-0.620547526,-0.410613781
2019-10-08,-0.56382979,-0.12597166,-0.552711857,-0.678587037,-0.616924751,-0.402254959
2019-10-09,-0.555007537,-0.025985916,-0.5261876,-0.619662732,-0.56803371,-0.392708907
2019-10-10,-0.562196039,-0.028510811,-0.561553276,-0.650772146,-0.575119418,-0.421497726
2019-10-11,-0.569904372,-0.10063889,-0.553343387,-0.673883311,-0.614547252,-0.424432655
2019-10-12,-0.570505889,-0.096606615,-0.556501036,-0.667779951,-0.622107704,-0.418128886
2019-10-13,-0.564691222,-0.100843511,-0.488927336,-0.663003969,-0.616692308,-0.404346171
2019-10-14,-0.561245494,-0.086217,-0.427037404,-0.656933339,-0.595500315,-0.347823179
2019-10-15,-0.576268573,-0.13235135,-0.449140951,-0.689622958,-0.619594459,-0.371389994
2019-10-16,-0.583880365,-0.175359051,-0.38788255,-0.705523898,-0.642984725,-0.383629913
2019-10-17,-0.578065698,-0.159995879,-0.294416122,-0.697338838,-0.634245317,-0.330370296
2019-10-18,-0.588841026,-0.195609035,-0.325361088,-0.708172275,-0.653360756,-0.352397329
2019-10-19,-0.580286114,-0.191425756,-0.301994481,-0.706839765,-0.656433067,-0.358372651
2019-10-20,-0.578028568,-0.12779861,-0.31020437,-0.696816263,-0.645062936,-0.354886293
2019-10-21,-0.579877676,-0.1219016,-0.282417054,-0.685110066,-0.64772351,-0.358502222
2019-10-22,-0.583323405,-0.167000608,-0.414406806,-0.702435882,-0.659088344,-0.362636433
2019-10-23,-0.601198122,-0.320547443,-0.4586139,-0.732725097,-0.702021276,-0.415260249
2019-10-24,-0.591722368,-0.326319259,-0.431458114,-0.726333683,-0.70303728,-0.402158534
2019-10-25,-0.565277887,-0.008286105,-0.339254746,-0.664368515,-0.619086355,-0.342875383
2019-10-26,-0.570468758,0.150912142,-0.378409601,-0.688336354,-0.626406887,-0.356332664
2019-10-27,-0.557190822,0.23449099,-0.358200644,-0.657927312,-0.607292641,-0.343071246
2019-10-28,-0.55698289,0.153957237,-0.363252883,-0.662395824,-0.614143326,-0.349378028
2019-10-29,-0.548955233,0.200696934,-0.357569114,-0.638904655,-0.580832315,-0.331452061
2019-10-30,-0.559923641,0.140218656,-0.38219878,-0.655149679,-0.605340977,-0.347726754
2019-10-31,-0.562381693,0.138545238,-0.38283031,-0.652092174,-0.608486752,-0.348320369
2019-11-01,-0.55711656,0.155307626,-0.373357362,-0.64579576,-0.608473848,-0.359517695
2019-11-02,-0.555230321,0.172640503,-0.375251951,-0.637878644,-0.608665453,-0.34860663
2019-11-03,-0.560198408,0.148291456,-0.368936652,-0.643625717,-0.615174754,-0.363679026
2019-11-04,-0.55049987,0.196589356,-0.38346184,-0.633436899,-0.598127598,-0.337535861
2019-11-05,-0.542390527,0.177493124,-0.377146541,-0.625137006,-0.585336406,-0.333564366
2019-11-06,-0.537726911,0.182493688,-0.374620421,-0.618007358,-0.575404939,-0.306954144
2019-11-07,-0.547521989,0.15706699,-0.31336202,-0.593804999,-0.591094972,-0.360153496
2019-11-08,-0.557473015,0.030999178,-0.358832174,-0.630802807,-0.607426002,-0.40679295
2019-11-09,-0.556373946,0.033370009,-0.320940379,-0.635526781,-0.603881198,-0.397020902
2019-11-10,-0.545138198,0.099293216,-0.281785524,-0.622587236,-0.584585536,-0.396996796
2019-11-11,-0.550811768,0.018167686,-0.319677319,-0.643638614,-0.601881947,-0.412418732
2019-11-12,-0.546556591,0.033936773,-0.31336202,-0.643020207,-0.596009942,-0.420458147
2019-11-13,-0.548598779,0.031920635,-0.330413327,-0.648891543,-0.589870946,-0.418595944
2019-11-14,-0.551368729,0.004627607,-0.341780866,-0.660021078,-0.599669841,-0.426566053
2019-11-15,-0.54501938,-0.054254418,-0.356306054,-0.690110444,-0.623432665,-0.452893027
2019-11-16,-0.543549004,-0.038241596,-0.348727695,-0.676123669,-0.611169763,-0.4461674
2019-11-17,-0.534273757,-0.030826296,-0.361989823,-0.678366663,-0.603488589,-0.442048255
2019-11-18,-0.546296676,-0.104036815,-0.407459977,-0.707611284,-0.623266009,-0.470975684
2019-11-19,-0.555653611,-0.132139812,-0.425142814,-0.709707962,-0.63672984,-0.468423441
2019-11-20,-0.565782865,-0.180879017,-0.420090575,-0.717311782,-0.644351712,-0.483899616
2019-11-21,-0.586368122,-0.285649661,-0.502189464,-0.743434131,-0.706098804,-0.506794472
2019-11-22,-0.595710205,-0.379972152,-0.542607378,-0.783298888,-0.754655215,-0.543453962
2019-11-23,-0.586835969,-0.352392681,-0.452298601,-0.762020755,-0.740993754,-0.529629061
2019-11-24,-0.607294982,-0.447725369,-0.540712788,-0.801543508,-0.786897929,-0.568813676
2019-11-25,-0.603878958,-0.420963981,-0.590603652,-0.797588279,-0.771101475,-0.582560231
2019-11-26,-0.596861256,-0.401281293,-0.587446002,-0.782688385,-0.760307417,-0.571944467
2019-11-27,-0.581593115,-0.315917671,-0.557132566,-0.774101131,-0.742760103,-0.563097495
2019-11-28,-0.580546029,-0.334597744,-0.573552344,-0.77487792,-0.748368427,-0.564637278
2019-11-29,-0.56396346,-0.253363386,-0.483243566,-0.755227979,-0.732811629,-0.54762132
2019-11-30,-0.571374747,-0.305572891,-0.569131635,-0.774229001,-0.744802508,-0.558900004
2019-12-01,-0.577597852,-0.345173354,-0.586814472,-0.776598894,-0.750675307,-0.56233815
2019-12-02,-0.588967271,-0.373048447,-0.622811677,-0.786878967,-0.759899323,-0.579670502
2019-12-03,-0.589999504,-0.373550552,-0.634179216,-0.789754237,-0.76468245,-0.578799666
2019-12-04,-0.593801687,-0.392108891,-0.639862985,-0.798851445,-0.7699251,-0.589412416
2019-12-05,-0.590341106,-0.338629887,-0.630390036,-0.794293618,-0.759075913,-0.569585074
2019-12-06,-0.587029048,-0.311739846,-0.628495446,-0.783165748,-0.759312524,-0.561819867
2019-12-07,-0.583761547,-0.309221869,-0.625969327,-0.783680556,-0.761161537,-0.552960842
2019-12-08,-0.582343155,-0.307012818,-0.620917087,-0.779188883,-0.750332666,-0.546964426
2019-12-09,-0.593222448,-0.351547324,-0.639862985,-0.793845657,-0.763516732,-0.56197957
2019-12-10,-0.599735172,-0.385001453,-0.642389104,-0.795875072,-0.77201013,-0.565444835
2019-12-11,-0.599371291,-0.401538466,-0.654388173,-0.799380399,-0.783543737,-0.572221689
2019-12-12,-0.598866314,-0.394534004,-0.652493583,-0.790703414,-0.774886069,-0.578832812
2019-12-13,-0.59600725,-0.387299776,-0.660703472,-0.787827729,-0.777745595,-0.576132918
2019-12-14,-0.601064451,-0.426811233,-0.663861122,-0.793468427,-0.786748155,-0.586375036
2019-12-15,-0.599386144,-0.419283378,-0.6739656,-0.793163038,-0.785682179,-0.58262351
2019-12-16,-0.617090059,-0.479178661,-0.694806087,-0.81020704,-0.82689264,-0.616902514
2019-12-17,-0.635425196,-0.558731219,-0.759853668,-0.841745969,-0.874649172,-0.687792797
2019-12-18,-0.615656814,-0.385360271,-0.655651233,-0.79956735,-0.829156102,-0.650196178
2019-12-19,-0.624649869,-0.405511936,-0.693543027,-0.801158512,-0.845513083,-0.666338287
2019-12-20,-0.619057986,-0.401159958,-0.723856463,-0.759835872,-0.846619498,-0.652787594
2019-12-21,-0.624568181,-0.408695928,-0.718172694,-0.754338853,-0.850675516,-0.656505974
2019-12-22,-0.61562711,-0.321387479,-0.698595267,-0.740310472,-0.832277721,-0.647779532
2019-12-23,-0.625028602,-0.363882431,-0.725119523,-0.76732902,-0.848579898,-0.665964641
2019-12-24,-0.617884656,-0.372900236,-0.725119523,-0.773587433,-0.846628893,-0.662182982
2019-12-25,-0.6211076,-0.385809026,-0.715646574,-0.757564586,-0.85794654,-0.666639614
2019-12-26,-0.617000945,-0.395669528,-0.734592472,-0.698339746,-0.858351728,-0.667618928
2019-12-27,-0.625771216,-0.381740297,-0.737750121,-0.695772778,-0.854650162,-0.66548553
2019-12-28,-0.62182051,-0.374137805,-0.730803292,-0.710280741,-0.849843769,-0.659097389
2019-12-29,-0.616978667,-0.345620113,-0.728277173,-0.676962174,-0.821930747,-0.647559563
2019-12-30,-0.622102703,-0.38094829,-0.737118591,-0.679651186,-0.831145758,-0.65532477
2019-12-31,-0.627664881,-0.408030978,-0.753538369,-0.699651175,-0.844256425,-0.660085743
2020-01-01,-0.623112658,-0.406239417,-0.75038072,-0.698841656,-0.83908982,-0.660769756
2020-01-02,-0.628362938,-0.464740406,-0.765537437,-0.733084159,-0.853801868,-0.674703135
2020-01-03,-0.617750986,-0.366809915,-0.679649369,-0.688655751,-0.824473709,-0.65819642
2020-01-04,-0.614669138,-0.34888872,-0.619022498,-0.667768717,-0.820580109,-0.65568335
2020-01-05,-0.613733444,-0.348708712,-0.506610173,-0.642658371,-0.81534295,-0.65212166
2020-01-06,-0.594789364,-0.251190257,-0.478822857,-0.623488982,-0.780524179,-0.573857896
2020-01-07,-0.596460245,-0.143707126,-0.497768754,-0.652824444,-0.783821385,-0.596737685
2020-01-08,-0.601005042,-0.166548394,-0.586182942,-0.633574755,-0.793736304,-0.611475608
2020-01-09,-0.601569429,-0.221258581,-0.609549549,-0.600403474,-0.803621178,-0.62391139
2020-01-10,-0.597744967,-0.142927359,-0.546396558,-0.583320916,-0.782000566,-0.60159207
2020-01-11,-0.598108848,-0.17808085,-0.572920814,-0.549431373,-0.786497113,-0.602963109
2020-01-12,-0.591685237,-0.135859435,-0.53060831,-0.551650096,-0.773715255,-0.591566907
2020-01-13,-0.597061762,-0.14901981,-0.545133498,-0.560978218,-0.780860596,-0.600654941
2020-01-14,-0.562203466,0.037234384,-0.474402148,-0.378897039,-0.686612001,-0.534151986
2020-01-15,-0.555571923,0.031579512,-0.538186669,-0.217137741,-0.68541776,-0.539551773
2020-01-16,-0.564201097,0.008903085,-0.553343387,-0.161436951,-0.693397363,-0.552572129
2020-01-17,-0.537563536,0.064828622,-0.461771549,-0.003069395,-0.665685276,-0.521830709
2020-01-18,-0.538506656,0.068580709,-0.451035541,-0.168172587,-0.645794678,-0.508240843
2020-01-19,-0.559834527,0.004123639,-0.515451592,-0.143237126,-0.68221162,-0.531446066
2020-01-20,-0.54576942,-0.009119222,-0.535029019,-0.120385029,-0.68155811,-0.53834345
2020-01-21,-0.53005571,0.014927018,-0.533765959,-0.082679221,-0.6703819,-0.52668208
2020-01-22,-0.532543466,-0.002788757,-0.567237045,-0.028263786,-0.676467419,-0.530026814
2020-01-23,-0.549772109,-0.077544441,-0.60197119,-0.14954727,-0.699740738,-0.560014916
2020-01-24,-0.537370457,-0.066940094,-0.596918951,-0.127396931,-0.699208873,-0.569244574
2020-01-25,-0.550410757,-0.088080404,-0.608918019,-0.15370734,-0.706874293,-0.577121272
2020-01-26,-0.540511713,-0.025688964,-0.578604583,-0.055195515,-0.677408901,-0.546208095
2020-01-27,-0.515775244,0.059592039,-0.538818199,0.122485664,-0.665030574,-0.54459298
2020-01-28,-0.479052987,0.181869715,-0.487032746,0.275792373,-0.641437052,-0.522698531
2020-01-29,-0.474174013,0.170436775,-0.524924541,0.385281454,-0.647162458,-0.531009141
2020-01-30,-0.455192802,0.222850502,-0.493348045,0.378970201,-0.605348324,-0.507168118
2020-01-31,-0.472102121,0.179673437,-0.522398421,0.243977456,-0.624998534,-0.520453642
2020-02-01,-0.455029427,0.191211481,-0.504715583,0.277366615,-0.609757506,-0.513758148
2020-02-02,-0.457435496,0.177993898,-0.475665207,0.256152972,-0.588314671,-0.485797979
2020-02-03,-0.448442442,0.164140369,-0.493348045,0.312144313,-0.582903508,-0.474067303
2020-02-04,-0.455742336,0.133471234,-0.453561661,0.262232617,-0.585568783,-0.437362614
2020-02-05,-0.431718777,0.251304998,-0.403670797,0.387827479,-0.520594505,-0.405241114
2020-02-06,-0.427812627,0.283014797,-0.358832174,0.354607103,-0.485422371,-0.390940115
2020-02-07,-0.427567565,0.301036573,-0.285574704,0.299707926,-0.440368807,-0.399769008
2020-02-08,-0.426423939,0.319885079,-0.039278038,0.295547578,-0.438545077,-0.4059191
2020-02-09,-0.41257419,0.388426844,0.006823646,0.30072298,-0.414983522,-0.39020789
2020-02-10,-0.423082177,0.317566933,-0.148532713,0.318600217,-0.436913351,-0.415450086
2020-02-11,-0.402036499,0.413375118,-0.113798567,0.33365128,-0.383438465,-0.397186632
2020-02-12,-0.363829013,0.445477395,-0.080959012,0.37461777,-0.255243814,-0.324108713
2020-02-13,-0.362284377,0.415049067,-0.123271516,0.34675947,-0.243562415,-0.256873532
2020-02-14,-0.347439525,0.441679541,-0.057592405,0.338260421,-0.173649407,-0.2324178
2020-02-15,-0.3973209,0.326507707,-0.190213687,0.117383627,-0.258182695,-0.318555249
2020-02-16,-0.406299103,0.33877137,-0.282417054,0.012997138,-0.279149597,-0.352309944
2020-02-17,-0.425696178,0.272208757,-0.321571909,0.009459358,-0.251091495,-0.377808268
2020-02-18,-0.406722393,0.395326467,-0.24136761,0.038917003,-0.183508204,-0.343634728
2020-02-19,-0.443496633,0.256744339,-0.377146541,-0.091911094,-0.27971667,-0.404837335
2020-02-20,-0.438929558,0.249956738,-0.355042994,-0.088759559,-0.287587132,-0.420524439
2020-02-21,-0.436107625,0.271200289,-0.361989823,-0.015042982,-0.254400221,-0.412864697
2020-02-22,-0.438365171,0.26486264,-0.391671729,-0.002681209,-0.268579047,-0.409962914
2020-02-23,-0.414794606,0.336068995,-0.341780866,0.026752443,-0.219034231,-0.389442518
2020-02-24,-0.43373126,0.261318633,-0.398618558,-0.027551487,-0.256066626,-0.42585492
2020-02-25,-0.453009517,0.177269079,-0.470612968,-0.039181545,-0.331534151,-0.477728431
2020-02-26,-0.504331564,0.035261086,-0.557132566,-0.258163174,-0.427554916,-0.545710904
2020-02-27,-0.5026087,0.025444355,-0.566605515,-0.257550036,-0.422900253,-0.526832743
2020-02-28,-0.510547242,-0.005083222,-0.588709062,-0.291827073,-0.422869409,-0.529303628
2020-02-29,-0.518530342,-0.024959088,-0.622811677,-0.295997684,-0.452850184,-0.544680365
2020-03-01,-0.530479,-0.035055476,-0.597550481,-0.246750162,-0.456658144,-0.551752519
2020-03-02,-0.508044634,0.048652423,-0.550817267,-0.158227721,-0.40634664,-0.521918093
2020-03-03,-0.509470452,0.026341333,-0.45608778,-0.144831616,-0.432762684,-0.535074047
2020-03-04,-0.5076659,0.017475063,-0.519872301,-0.220392044,-0.432596363,-0.53462507
2020-03-05,-0.492420037,0.105624479,-0.451667071,-0.186209315,-0.411992292,-0.51940201
2020-03-06,-0.489516417,0.117554203,-0.45798237,-0.186751306,-0.350152009,-0.505824197
2020-03-07,-0.508104043,0.059628759,-0.515451592,-0.238869243,-0.37475525,-0.526968341
2020-03-08,-0.550091433,-0.158850111,-0.653125113,-0.422715776,-0.535954407,-0.617869775
2020-03-09,-0.563525318,-0.209113593,-0.636073805,-0.362832725,-0.530327484,-0.611008551
2020-03-10,-0.563428778,-0.21290506,-0.640494515,-0.378714249,-0.535615275,-0.601806012
2020-03-11,-0.577137431,-0.21244167,-0.655019703,-0.411134814,-0.561200965,-0.614277953
2020-03-12,-0.6936387,-1.013686122,-1.063619556,-0.773572871,-0.919137945,-0.8205697
2020-03-13,-0.660399302,-0.852131944,-0.936682044,-0.651225931,-0.828680629,-0.761156977
2020-03-14,-0.678429968,-0.951132369,-0.982152198,-0.681790441,-0.871603663,-0.797497061
2020-03-15,-0.670179527,-0.898831596,-0.970153129,-0.622070764,-0.863326494,-0.77757932
2020-03-16,-0.692450518,-1.001781277,-1.032043061,-0.706306373,-0.926690621,-0.816266744
2020-03-17,-0.68411839,-0.944248843,-1.032043061,-0.695554346,-0.912216906,-0.805837803
2020-03-18,-0.683427759,-0.940758719,-1.045305189,-0.703011851,-0.90831523,-0.810128705
2020-03-19,-0.645443058,-0.681159234,-0.914578497,-0.62174041,-0.813967623,-0.744026515
2020-03-20,-0.653485567,-0.679092407,-0.914578497,-0.640173923,-0.830696033,-0.76864195
2020-03-21,-0.653143964,-0.682828528,-0.907000138,-0.628410031,-0.83034234,-0.764691548
2020-03-22,-0.670409737,-0.779504953,-0.941102753,-0.682823109,-0.871538041,-0.788692275
2020-03-23,-0.655609442,-0.619819634,-0.89436954,-0.636806313,-0.821264394,-0.766981636
2020-03-24,-0.647581786,-0.533040165,-0.865319164,-0.62088762,-0.804565704,-0.752409443
2020-03-25,-0.652965737,-0.54768304,-0.876055172,-0.626731912,-0.815693798,-0.7542837
2020-03-26,-0.643393444,-0.538043656,-0.871002933,-0.618990514,-0.806300216,-0.713948015
2020-03-27,-0.653983118,-0.605246872,-0.89310648,-0.627074609,-0.825487662,-0.710404405
2020-03-28,-0.650492833,-0.667262864,-0.911420847,-0.656266668,-0.838289576,-0.711645873
2020-03-29,-0.661795416,-0.754495213,-0.946154993,-0.651685819,-0.861724085,-0.74766655
2020-03-30,-0.649735366,-0.616133936,-0.877949762,-0.634237126,-0.829970047,-0.722529819
2020-03-31,-0.644685592,-0.613735432,-0.89058036,-0.637169813,-0.826981394,-0.715322068
2020-04-01,-0.642442898,-0.56792411,-0.855214685,-0.626186871,-0.818128612,-0.713031979
2020-04-02,-0.634058787,-0.517013107,-0.845741736,-0.615476727,-0.790392041,-0.70303695
2020-04-03,-0.631749258,-0.533426123,-0.864056104,-0.612335871,-0.7901224,-0.700544972
2020-04-04,-0.630189768,-0.496876609,-0.847004796,-0.606486725,-0.77655433,-0.693719907
2020-04-05,-0.63391769,-0.517692958,-0.856477745,-0.623603538,-0.783809869,-0.700728782
2020-04-06,-0.60708705,-0.386728488,-0.783851805,-0.551275639,-0.672816451,-0.652215072
2020-04-07,-0.61064417,-0.412713302,-0.773115796,-0.565698586,-0.690313666,-0.662499376
2020-04-08,-0.601903605,-0.369748708,-0.763642848,-0.517935714,-0.657609771,-0.636054884
2020-04-09,-0.602765037,-0.378470359,-0.757959079,-0.504351549,-0.665567335,-0.643925555
2020-04-10,-0.62491721,-0.497430867,-0.791430164,-0.595271758,-0.719329398,-0.676447821
2020-04-11,-0.623884976,-0.499177459,-0.777536506,-0.594017884,-0.720181397,-0.67464287
2020-04-12,-0.620528362,-0.468658131,-0.777536506,-0.582382834,-0.707488093,-0.668399366
2020-04-13,-0.625719233,-0.503004449,-0.797113933,-0.604960468,-0.728580814,-0.675640263
2020-04-14,-0.626706909,-0.503715565,-0.793956284,-0.600653111,-0.722869041,-0.682863081
2020-04-15,-0.63495735,-0.5582967,-0.809113001,-0.615432486,-0.74156149,-0.695112039
2020-04-16,-0.616057826,-0.428955491,-0.753538369,-0.563811743,-0.659710685,-0.668492777
2020-04-18,-0.600128758,-0.390574769,-0.732697882,-0.539177927,-0.59570377,-0.653965784
2020-04-19,-0.605601822,-0.409168364,-0.734592472,-0.556876812,-0.618688385,-0.666217756
2020-04-20,-0.617773264,-0.492944515,-0.782588745,-0.592323262,-0.659104363,-0.688422571
2020-04-21,-0.613889393,-0.493390077,-0.789535574,-0.598085867,-0.657193536,-0.685897448
2020-04-22,-0.600084201,-0.428845597,-0.764274378,-0.57714627,-0.614417595,-0.674923104
2020-04-23,-0.570038042,-0.343693247,-0.741539301,-0.550987724,-0.603881398,-0.663650446
2020-04-24,-0.560658829,-0.310676032,-0.706173626,-0.542915972,-0.58562802,-0.657762509
2020-04-25,-0.556648714,-0.305489473,-0.681543959,-0.522087464,-0.558395575,-0.653577071
2020-04-26,-0.530872585,-0.275536244,-0.512925472,-0.460123961,-0.550578394,-0.648300829
2020-04-27,-0.525510913,-0.244001929,-0.547028088,-0.480085255,-0.550980997,-0.644766258
2020-04-28,-0.521099786,-0.240880068,-0.557132566,-0.464777759,-0.545816443,-0.592015885
2020-04-29,-0.48768216,0.029952127,-0.444720242,-0.382425943,-0.465343412,-0.556013288
2020-04-30,-0.516265369,-0.008870964,-0.491453455,-0.42595094,-0.50596926,-0.60022103
2020-05-01,-0.490912531,0.047316403,-0.45924543,-0.397211835,-0.477267775,-0.580673922
2020-05-02,-0.492739361,0.081056709,-0.424511285,-0.286317711,-0.472469294,-0.566613986
2020-05-03,-0.508222861,0.056226843,-0.449140951,-0.321106782,-0.491520598,-0.580173718
2020-05-04,-0.502764649,0.060364489,-0.467455319,-0.318850613,-0.503488381,-0.581532705
2020-05-05,-0.505037047,0.085000377,-0.465560729,-0.325898158,-0.509559204,-0.58906589
2020-05-06,-0.501999756,0.157394011,-0.437141883,-0.359559977,-0.5213512,-0.592841522
2020-05-07,-0.492056156,0.343426554,-0.351885345,-0.338924661,-0.485637806,-0.581671316
2020-05-08,-0.483167068,0.313767217,-0.376515011,-0.327972646,-0.482592166,-0.578929236
2020-05-09,-0.487377689,0.245984331,-0.38409337,-0.340805263,-0.488627583,-0.587743063
2020-05-10,-0.517520387,0.017797826,-0.481348977,-0.463118918,-0.588392633,-0.64416963
2020-05-11,-0.514319721,-0.024335914,-0.510399353,-0.485847167,-0.600046302,-0.656560213
2020-05-12,-0.497143061,0.030889284,-0.478822857,-0.48000232,-0.58530027,-0.645793785
2020-05-13,-0.489338189,0.157727949,-0.442194122,-0.461467843,-0.542442329,-0.634213773
2020-05-14,-0.493660202,0.284082869,-0.408723037,-0.455960423,-0.526151469,-0.629244884
2020-05-15,-0.496831164,0.17358857,-0.451667071,-0.422323568,-0.557929901,-0.641954874
2020-05-16,-0.493348304,0.186889704,-0.447246361,-0.395832865,-0.536006162,-0.638576994
2020-05-17,-0.490296161,0.266921883,-0.431458114,-0.397868104,-0.507892336,-0.63489176
2020-05-18,-0.468693523,0.282135647,-0.428300464,-0.392886449,-0.475940698,-0.623076713
2020-05-19,-0.452378295,0.282806718,-0.431458114,-0.401608784,-0.480598935,-0.626535951
2020-05-20,-0.44921476,0.226661925,-0.450404011,-0.429542115,-0.49514853,-0.63352976
2020-05-21,-0.483590358,0.106441631,-0.464929199,-0.471718237,-0.53944805,-0.652206032
2020-05-22,-0.456952797,0.133911075,-0.434615763,-0.426589319,-0.507846801,-0.637639866
2020-05-23,-0.460747554,0.141188808,-0.427668934,-0.409720756,-0.501231204,-0.642120604
2020-05-24,-0.480657033,0.027044866,-0.481980507,-0.406511804,-0.528661804,-0.652441067
2020-05-25,-0.470483222,0.05880602,-0.430195054,-0.378998974,-0.515868759,-0.6467279
2020-05-26,-0.474797809,0.039220187,-0.464297669,-0.394056001,-0.530691899,-0.656828394
2020-05-27,-0.461779787,0.133486135,-0.449140951,-0.383116745,-0.500498005,-0.645130865
2020-05-28,-0.392152308,0.227416547,-0.440299532,-0.37321404,-0.452885261,-0.636880521
2020-05-29,-0.391402268,0.203813074,-0.435247293,-0.31949551,-0.449264742,-0.643651347
2020-05-30,-0.30007561,0.275007455,-0.38283031,-0.285077012,-0.355268976,-0.619930855
2020-05-31,-0.319428128,0.209789644,-0.420722105,-0.361834036,-0.404585917,-0.629916845
2020-06-01,-0.268811564,0.402212523,-0.362621353,-0.323191948,-0.335116219,-0.607790374
2020-06-02,-0.288951254,0.228520806,-0.416932926,-0.358128583,-0.377505371,-0.630344729
2020-06-03,-0.237094525,0.263101413,-0.403039267,-0.361079298,-0.347315185,-0.627635796
2020-06-04,-0.210650044,0.302315385,-0.372725832,-0.362538568,-0.346243514,-0.623661288
2020-06-05,-0.237072246,0.265503376,-0.394829379,-0.370843038,-0.360142644,-0.626343102
2020-06-06,-0.232735381,0.262273618,-0.400513148,-0.373216814,-0.3570659,-0.629205712
2020-06-07,-0.228071766,0.29093034,-0.388514079,-0.373782243,-0.34303003,-0.628280637
2020-06-08,-0.229735221,0.2943735,-0.402407738,-0.366583251,-0.338073763,-0.627310363
2020-06-09,-0.252184439,0.300970317,-0.411880686,-0.379521133,-0.34413956,-0.632607698
2020-06-10,-0.251263598,0.32124079,-0.402407738,-0.379163873,-0.333150522,-0.62982042
2020-06-11,-0.31194258,0.171840381,-0.485769686,-0.451562919,-0.401432729,-0.668263769
2020-06-12,-0.280797353,0.215180557,-0.442825652,-0.433421205,-0.376316222,-0.656924819
2020-06-13,-0.284703502,0.213663864,-0.434615763,-0.422169902,-0.370175903,-0.659446929
2020-06-14,-0.301635099,0.189552964,-0.448509421,-0.442395535,-0.390970525,-0.663933694
2020-06-15,-0.289463657,0.206967796,-0.468718378,-0.456066103,-0.409126412,-0.659543354
2020-06-16,-0.284369326,0.230760722,-0.463666139,-0.456414208,-0.389662906,-0.664867809
2020-06-17,-0.251902246,0.215020107,-0.464929199,-0.452619024,-0.395682898,-0.658431456
2020-06-18,-0.261340869,0.196379148,-0.473139088,-0.459922309,-0.399704237,-0.665922455
2020-06-19,-0.280433472,0.162640971,-0.496505695,-0.448199469,-0.421230735,-0.678478767
2020-06-20,-0.282393973,0.174717575,-0.488927336,-0.455972489,-0.411965951,-0.673326069
2020-06-21,-0.288810157,0.16689463,-0.488927336,-0.460589119,-0.413199706,-0.68203443
2020-06-22,-0.250676933,0.260921632,-0.471876028,-0.441337904,-0.354455295,-0.670999821
2020-06-23,-0.255578185,0.255728421,-0.465560729,-0.437469077,-0.34747641,-0.67278368
2020-06-24,-0.258303578,0.169614035,-0.499663344,-0.460335459,-0.383779979,-0.686066191
2020-06-25,-0.264927694,0.156318223,-0.507873233,-0.469345571,-0.39604632,-0.688181509
2020-06-26,-0.273319231,0.128554487,-0.544501968,-0.485705428,-0.410257911,-0.690890443
2020-06-27,-0.294721364,0.096531504,-0.573552344,-0.544936649,-0.439354984,-0.708427697
2020-06-28,-0.274574248,0.123285973,-0.565342455,-0.524529058,-0.428999734,-0.705893533
2020-06-29,-0.248746137,0.136166424,-0.573552344,-0.514557841,-0.416647814,-0.705088989
2020-06-30,-0.254345446,0.12176316,-0.569131635,-0.527989866,-0.42480175,-0.711383719
2020-07-01,-0.159008673,0.146376165,-0.547659618,-0.530303174,-0.403988595,-0.708051038
2020-07-02,-0.171098427,0.117789689,-0.543238908,-0.530665564,-0.411454403,-0.70724348
2020-07-03,-0.154671807,0.107951672,-0.571657754,-0.538857559,-0.428826659,-0.709979533
2020-07-04,-0.129318969,0.12026323,-0.576078464,-0.533264707,-0.412834098,-0.705013658
2020-07-05,-0.142247877,0.104311076,-0.576078464,-0.539092495,-0.418947876,-0.707927493
2020-07-06,-0.090190642,0.186470351,-0.38219878,-0.477118175,-0.35889241,-0.673124179
2020-07-07,0.001395931,0.15290247,-0.082853602,-0.461881825,-0.369452898,-0.684514355
2020-07-08,0.093138452,0.200872818,0.965486054,-0.403787565,-0.336511798,-0.624535137
2020-07-09,0.051440681,0.159902408,0.742555995,-0.398400664,-0.352361265,-0.629904791
2020-07-10,0.007054648,0.160131243,0.185546611,-0.438760258,-0.361170632,-0.642735312
2020-07-11,0.058280156,0.14965169,0.372479466,-0.42068969,-0.367793173,-0.63506653
2020-07-12,0.069931768,0.15950248,0.258172551,-0.428785713,-0.356196755,-0.637052277
2020-07-13,0.0504233,0.150542016,-0.027278969,-0.44880803,-0.367158128,-0.642967334
2020-07-14,0.108399168,0.15043292,0.045978501,-0.44689969,-0.364525683,-0.642262228
2020-07-15,0.096561902,0.13670658,-0.086011251,-0.46126841,-0.372280985,-0.647378767
2020-07-16,0.063537862,0.120192185,-0.142848943,-0.487672434,-0.393025704,-0.656608425
2020-07-17,0.038021648,0.125414133,-0.101167969,-0.487153742,-0.396789777,-0.655906332
2020-07-18,0.037954813,0.127497857,0.159022355,-0.48524665,-0.385032004,-0.640659166
2020-07-19,0.047126095,0.13479395,0.101553133,-0.480230323,-0.372003407,-0.641279901
2020-07-20,0.004143602,0.128912373,0.011244355,-0.486026767,-0.38212866,-0.653543925
2020-07-21,0.041578769,0.186310433,0.05292533,-0.467289529,-0.343682946,-0.641722852
2020-07-22,0.048685584,0.22731091,0.040294731,-0.443425706,-0.269190995,-0.628603057
2020-07-23,0.047579089,0.242490083,0.046610031,-0.432401574,-0.214979072,-0.615838829
2020-07-24,0.033580817,0.230452328,-0.000754713,-0.456263178,-0.19534593,-0.626472672
2020-07-25,0.194653773,0.26865863,0.008086706,-0.397325281,-0.08759651,-0.59618023
2020-07-26,0.228294183,0.330797022,0.008718236,-0.405179433,-0.06336351,-0.593528549
2020-07-27,0.158956322,0.626622195,-0.043067217,-0.337222687,-0.011875236,-0.567343198
2020-07-28,0.231932991,0.605355759,-0.015279901,-0.320992503,-0.03294181,-0.547440524
2020-07-29,0.167184485,0.656483756,-0.018437551,-0.314900931,-0.026289683,-0.508804325
2020-07-30,0.172449617,0.659411774,0.006192116,-0.303616205,0.044826966,-0.504516437
2020-07-31,0.159156828,0.717244885,0.002402937,-0.29586496,0.092400793,-0.461179531
2020-08-01,0.194616642,0.836077271,0.295432816,-0.239482936,0.264361377,-0.368898017
2020-08-02,0.119850274,0.643717457,0.072502757,-0.327729111,0.201346177,-0.376331763
2020-08-03,0.148292387,0.696232296,0.105973842,-0.329201833,0.269112936,-0.307394082
2020-08-04,0.190495135,0.68520913,0.19817721,-0.334194029,0.284642598,-0.335860481
2020-08-05,0.188096492,0.832652205,0.184283552,-0.320181597,0.335456846,-0.327369075
2020-08-06,0.198144058,0.841575951,0.213965457,-0.336893166,0.306705129,-0.326546451
2020-08-07,0.16180796,0.79299387,0.19691415,-0.368991837,0.239694601,-0.353424855
2020-08-08,0.211013557,0.8345659,0.182388962,-0.365619789,0.302477888,-0.355359377
2020-08-09,0.20702572,0.813229485,0.152707056,-0.367267397,0.29004264,-0.371537645
2020-08-10,0.196710813,0.868370333,0.175442133,-0.343167528,0.310720044,-0.353439921
2020-08-11,0.149042427,0.740965967,0.109131492,-0.384910807,0.243473504,-0.384205448
2020-08-12,0.148760234,0.788487693,0.165969184,-0.376521044,0.289625012,-0.382756063
2020-08-13,0.17732859,0.842765092,0.186809671,-0.34943343,0.453225364,-0.343954135
2020-08-14,0.155740804,0.838605359,0.214596987,-0.368546928,0.490770959,-0.336228101
2020-08-15,0.155480889,0.864988106,0.200703329,-0.325217064,0.473234827,-0.338367525
2020-08-16,0.156728481,0.872373604,0.191230381,-0.318591267,0.475107337,-0.326823673
2020-08-17,0.174915095,0.97089933,0.233542885,-0.300575204,0.456649646,-0.292849009
2020-08-18,0.148975592,0.899193,0.184915081,-0.312313299,0.431223463,-0.327381128
2020-08-19,0.088437706,0.835720449,0.128077389,-0.378243127,0.356594373,-0.366737499
2020-08-20,0.120867655,0.868441378,0.150180936,-0.355669792,0.399865374,-0.359725611
2020-08-21,0.047482549,0.79054614,0.108499962,-0.398882049,0.281393179,-0.395556451
2020-08-22,0.058740576,0.814887737,0.139444928,-0.382518308,0.310492633,-0.377886613
2020-08-23,0.031404958,0.810261822,0.12176209,-0.383364025,0.291187906,-0.38138201
2020-08-24,0.052888779,0.840165158,0.12428821,-0.371321233,0.363883202,-0.369844185
2020-08-25,-0.030254274,0.728870739,0.05292533,-0.422108186,0.259162145,-0.403858021
2020-08-26,-0.015453979,0.762174661,0.05166227,-0.424489312,0.269854471,-0.405171808
2020-08-27,-0.078286541,0.717225992,-0.011490721,-0.441706536,0.253226665,-0.444284104
2020-08-28,-0.058763222,0.776925435,0.029558723,-0.420523127,0.310664052,-0.421579085
2020-08-29,-0.004856879,0.767215936,0.038400142,-0.41758517,0.328217126,-0.41419355
2020-08-30,0.000527072,0.822974904,0.04976768,-0.396139642,0.451724284,-0.388469231
2020-08-31,0.039521728,0.814613932,-0.000123183,-0.406457022,0.480716255,-0.392290062
2020-09-01,0.059743105,0.893537863,0.021980364,-0.385435878,0.662770724,-0.350315156
2020-09-02,-0.013018205,0.741922017,-0.062644644,-0.447122422,0.502233552,-0.40827548
2020-09-03,-0.157523445,0.423473103,-0.264734217,-0.536697223,0.266409673,-0.498315119
2020-09-04,-0.110805604,0.496091579,-0.203475815,-0.579481075,0.27755365,-0.470282631
2020-09-05,-0.203795717,0.402838888,-0.292521533,-0.623237264,0.04774798,-0.525097097
2020-09-06,-0.180499919,0.433024544,-0.274207165,-0.603123968,0.126266367,-0.515939758
2020-09-07,-0.178472583,0.457332349,-0.259050447,-0.614056844,0.123278772,-0.511591604
2020-09-08,-0.195716078,0.392471093,-0.293784593,-0.615689057,0.057906593,-0.527926562
2020-09-09,-0.178353765,0.422669522,-0.279259405,-0.619686864,0.116497188,-0.519320651
2020-09-10,-0.150082454,0.455581765,-0.262839627,-0.600936311,0.190199553,-0.507505604
2020-09-11,-0.151322619,0.465874791,-0.262208097,-0.597217267,0.218799709,-0.508222763
2020-09-12,-0.1468001,0.477115883,-0.253998208,-0.594101929,0.272964375,-0.494596739
2020-09-13,-0.167162573,0.444851027,-0.281153994,-0.619463577,0.179217465,-0.512715555
2020-09-14,-0.152956369,0.542146103,-0.264102687,-0.603805895,0.229961292,-0.499077477
2020-09-15,-0.177262122,0.573783793,-0.245788319,-0.6009291,0.176047599,-0.506541357
2020-09-16,-0.190970775,0.622271412,-0.249577499,-0.607270448,0.180268351,-0.494497301
2020-09-17,-0.171907876,0.615210274,-0.257155858,-0.597384108,0.280928558,-0.481398599
2020-09-18,-0.195196248,0.614010225,-0.263471157,-0.597618906,0.260738802,-0.485879337
2020-09-19,-0.190918792,0.654815926,-0.269786456,-0.594425071,0.265856368,-0.482838944
2020-09-20,-0.207434525,0.612289708,-0.279890934,-0.614641273,0.202999217,-0.497823955
2020-09-21,-0.274306907,0.48258955,-0.373357362,-0.647539894,0.076054539,-0.541832821
2020-09-22,-0.264459847,0.503352016,-0.356937584,-0.634039219,0.087839981,-0.537978844
2020-09-23,-0.301026156,0.418178247,-0.415038336,-0.646657148,-0.01590286,-0.573414945
2020-09-24,-0.255986622,0.559778062,-0.364515943,-0.626759095,0.108891994,-0.53918114
2020-09-25,-0.15191671,0.547991227,-0.325361088,-0.628047918,0.121059588,-0.512703502
2020-09-26,-0.162008833,0.562199982,-0.324098028,-0.575613773,0.133219374,-0.511004015
2020-09-27,-0.12000659,0.567646508,-0.328518738,-0.565462124,0.143440335,-0.508343294
2020-09-28,-0.123793921,0.553178318,-0.355674524,-0.570220354,0.133155305,-0.511962236
2020-09-29,-0.12052642,0.587919375,-0.341149336,-0.571441914,0.15489882,-0.508683794
2020-09-30,-0.120452159,0.571240803,-0.365779003,-0.573593235,0.15515456,-0.511178785
2020-10-01,-0.144720781,0.5264768,-0.38283031,-0.582325278,0.125698237,-0.523081217
2020-10-02,-0.181591561,0.516077604,-0.402407738,-0.602582948,0.09664286,-0.535613424
2020-10-03,-0.175866008,0.510717822,-0.389145609,-0.609517324,0.100064891,-0.537713675
2020-10-04,-0.156431802,0.543124503,-0.363252883,-0.6061744,0.125223822,-0.492523606
2020-10-05,-0.146139174,0.575704673,-0.375251951,-0.613311815,0.130234429,-0.485309828
2020-10-06,-0.181621266,0.526022855,-0.38598796,-0.595318219,0.072736682,-0.500484676
2020-10-07,-0.173994621,0.541682581,-0.392303259,-0.603789807,0.077502003,-0.490899452
2020-10-08,-0.156869945,0.608299741,-0.390408669,-0.603236028,0.117996412,-0.483143285
2020-10-10,-0.091646165,0.709859387,-0.357569114,-0.587941429,0.202629505,-0.475082777
2020-10-11,-0.080410417,0.733788017,-0.345570045,-0.56917368,0.220736283,-0.470776808
2020-10-14,-0.074773978,0.746137893,-0.368936652,-0.5770417,0.239569641,-0.489673049
2020-10-15,-0.079690082,0.764078245,-0.396723968,-0.583984258,0.230711564,-0.500243614
2020-10-16,-0.098782685,0.71687875,-0.3847249,-0.605159624,0.182075867,-0.516807581
2020-10-17,-0.083633361,0.726681909,-0.404302327,-0.60350952,0.193470157,-0.515337103
2020-10-18,-0.074098199,0.760811235,-0.401144678,-0.598994547,0.234059471,-0.511437927
2020-10-19,-0.064525906,0.831293834,-0.398618558,-0.599122556,0.241528324,-0.500171296
2020-10-20,-0.110441723,0.878785226,-0.391671729,-0.616398305,0.194688888,-0.507376033
2020-10-21,-0.083016992,1.12601448,-0.373357362,-0.578695133,0.294681683,-0.483143285
2020-10-22,-0.050453372,1.164760672,-0.357569114,-0.543861127,0.388298078,-0.467498366
2020-10-23,-0.068937032,1.155400546,-0.362621353,-0.562965333,0.37092079,-0.473307958
2020-10-24,-0.068996441,1.20349835,-0.363252883,-0.556996083,0.382592659,-0.468631357
2020-10-25,-0.081799105,1.182548292,-0.358832174,-0.553872979,0.355527334,-0.478328073
2020-10-26,-0.105963762,1.194557311,-0.342412396,-0.567399866,0.302048215,-0.491963137
2020-10-27,-0.107968819,1.352310974,-0.343675456,-0.566911825,0.345894894,-0.479274241
2020-10-28,-0.136559454,1.247972055,-0.395460909,-0.591094352,0.279330322,-0.50046961
2020-10-29,-0.163300981,1.293365353,-0.404302327,-0.57473602,0.270999477,-0.511226998
2020-10-30,-0.178205242,1.322966683,-0.393566319,-0.594239091,0.254039288,-0.520601293
2020-10-31,-0.180529624,1.386854063,-0.407459977,-0.592855128,0.270393219,-0.518913859
2020-11-01,-0.142351843,1.374896401,-0.403670797,-0.600070069,0.312761326,-0.518754156
2020-11-02,-0.187309689,1.324047528,-0.444720242,-0.635848953,0.25549999,-0.531940243
2020-11-03,-0.177722543,1.43298522,-0.437773413,-0.650165804,0.274782084,-0.519618965
2020-11-04,-0.163352964,1.482958401,-0.434615763,-0.648638993,0.337848641,-0.524792757
2020-11-05,-0.151285488,1.87699239,-0.38156725,-0.617042509,0.389574918,-0.500737791
2020-11-06,-0.061347518,1.873186556,-0.291258473,-0.580516932,0.565902922,-0.462562624
2020-11-07,-0.118721868,1.673702008,-0.347464635,-0.619807938,0.4834636,-0.48926927
2020-11-08,-0.079794048,1.849668496,-0.322203439,-0.605179595,0.560851811,-0.476140436
2020-11-09,-0.089418324,1.809546371,-0.348096165,-0.625237277,0.520115166,-0.485755793
2020-11-10,-0.085853777,1.798262438,-0.295679182,-0.612857197,0.544043318,-0.476224808
2020-11-11,-0.084665595,1.910095419,-0.285574704,-0.617448586,0.601649347,-0.46914964
2020-11-12,-0.095359235,2.06676824,-0.279259405,-0.625443505,0.593168393,-0.47323564
2020-11-13,-0.08150206,2.078066273,-0.252735148,-0.611592367,0.65225021,-0.442235078
2020-11-14,-0.097757878,2.010038056,-0.283048584,-0.624405568,0.589457923,-0.432740251
2020-11-15,-0.125019234,1.979371051,-0.281785524,-0.626040139,0.534845449,-0.428822995
2020-11-16,-0.099198549,2.186592864,-0.211685704,-0.586554554,0.588549072,-0.380978232
2020-11-17,-0.057671579,2.439800285,-0.180109208,-0.523610253,0.677119913,-0.330090062
2020-11-18,-0.081412946,2.483014336,-0.197160516,-0.482621018,0.673320229,-0.354756722
2020-11-19,-0.085400783,2.486579362,-0.195897456,-0.502184834,0.639255038,-0.325998036
2020-11-20,0.006386296,2.705708548,-0.149795772,-0.48410858,0.804575276,-0.252769452
2020-11-21,0.115691636,2.711408122,0.180494372,-0.41270018,0.976956662,0.139787822
2020-11-22,0.203431469,2.637232773,0.068082048,-0.488371696,1.01417888,0.095661439
2020-11-23,0.268410186,2.6356304,0.26954009,-0.417500432,1.232728062,0.608761724
2020-11-24,0.363561305,2.838171218,0.620670721,-0.31655159,1.212965198,0.844167724
2020-11-25,0.280678167,2.735900324,0.319430953,-0.35221675,1.068911815,0.673556154
2020-11-26,0.155317514,2.304985411,0.018191184,-0.473840711,0.843858228,0.364804053
2020-11-27,0.175717118,2.293481423,0.033979432,-0.46308175,0.838187227,0.443899481
2020-11-28,0.35218446,2.459420442,0.116078321,-0.445933038,0.928130085,0.64384226
2020-11-29,0.365907965,2.584777007,0.143234107,-0.436790757,1.090909083,0.585457064
2020-11-30,0.400580608,2.97941315,0.208281688,-0.391794146,1.260438157,0.76050116
2020-12-01,0.286775028,2.755212355,0.071871227,-0.467050986,1.141077098,0.605576694
2020-12-02,0.305889909,2.863682001,0.096500894,-0.458682027,1.188911957,0.656711953
2020-12-03,0.347884726,2.930248871,0.130603509,-0.410665634,1.268532856,0.661503058
2020-12-04,0.229281859,2.727084347,0.04850462,-0.490769742,1.063132268,0.437854853
2020-12-05,0.31414035,2.850913572,0.111026082,-0.464295127,1.181291409,0.51969236
2020-12-06,0.308192013,2.902926039,0.105342312,-0.468756565,1.204338904,0.626452656
2020-12-07,0.273014392,2.861104154,0.076291936,-0.470313749,1.160679262,0.593556744
2020-12-08,0.174974504,2.623920464,-0.026647439,-0.522772858,1.000123821,0.442597747
2020-12-09,0.228717473,2.687344321,-0.039909568,-0.481597643,1.081024209,0.51718833
2020-12-10,0.182890769,2.608620489,-0.073380653,-0.50496538,1.021164053,0.485139148
2020-12-11,0.163991245,2.552467182,-0.089800431,-0.518634145,0.960954437,0.405374774
2020-12-12,0.201203627,2.755391696,-0.036751918,-0.495787734,1.059719237,0.284596728
2020-12-13,0.271781653,2.847685409,0.021980364,-0.475368909,1.151222738,0.299852934
2020-12-14,0.301694141,2.876093873,0.006192116,-0.487131552,1.135382003,0.258414391
2020-12-15,0.274313966,2.922531828,-0.009596132,-0.483601539,1.149888448,0.174036694
2020-12-16,0.372962797,3.438464588,0.12302515,-0.430559388,1.352997446,0.472103725
2020-12-17,0.34247107,3.845692478,0.321325543,-0.424881659,1.38200292,0.496357567
2020-12-18,0.35364741,3.936371047,0.402161371,-0.435363801,1.433805706,0.519267489
2020-12-19,0.351612647,4.13578588,0.445736935,-0.432375501,1.453263587,0.503848566
2020-12-20,0.331368992,4.028830265,0.886544815,-0.425332671,1.362145282,0.434226872
2020-12-21,0.262068263,3.845125713,0.988852661,-0.472921213,1.23864368,0.316365675
2020-12-22,0.288230551,4.112134512,0.812655815,-0.474001173,1.347238814,0.109968464
2020-12-23,0.14130439,3.964540563,0.345323679,-0.618824644,1.125420624,-0.46208954
2020-12-24,0.263753997,4.09930648,0.851810669,-0.549125705,1.246404808,-0.223387018
2020-12-25,0.298515753,4.352390438,0.859389028,-0.525778771,1.310615177,-0.282832887
2020-12-26,0.30044655,4.835278971,0.803814396,-0.515333659,1.35149663,-0.353277205
2020-12-27,0.275182825,4.790391235,0.837917011,-0.517931415,1.554520118,-0.388454164
2020-12-28,0.440882265,5.011778963,0.865704328,-0.501846991,1.761657669,-0.494162827
2020-12-29,0.555460164,5.087425239,0.798762157,-0.528457382,1.766527832,-0.57550917
2020-12-30,0.495130211,5.490280265,0.893491644,-0.53461913,1.853706537,-0.603032414
2020-12-31,0.475502925,5.534085026,0.92254202,-0.535911975,1.793781518,-0.578871984